tconst	directors
tt0015324	nm0000036
tt0016332	nm0000036
tt0017925	nm0000036
tt0017925	nm0115669
tt0019421	nm0718469
tt0019421	nm0000036
tt0021156	nm0903049
tt0022100	nm0000485
tt0022158	nm0572851
tt0023382	nm0281808
tt0023969	nm0564970
tt0025316	nm0001008
tt0026752	nm0515979
tt0026778	nm0332539
tt0026778	nm0939992
tt0027996	nm0001008
tt0028772	nm0939992
tt0029843	nm0445033
tt0029843	nm0002031
tt0029870	nm0002031
tt0031210	nm0332539
tt0031381	nm0002030
tt0031381	nm0281808
tt0031381	nm0939992
tt0031867	nm0909825
tt0031983	nm0693281
tt0032138	nm0503777
tt0032138	nm0281808
tt0032138	nm0002030
tt0032138	nm0851537
tt0032138	nm0861703
tt0032138	nm0896542
tt0032551	nm0000406
tt0032599	nm0001328
tt0032904	nm0002030
tt0032976	nm0000033
tt0033238	nm0503777
tt0033870	nm0001379
tt0034167	nm0001328
tt0034240	nm0002545
tt0034248	nm0000033
tt0034272	nm0466099
tt0034583	nm0002031
tt0034881	nm0163229
tt0035140	nm0710924
tt0035432	nm0878338
tt0035575	nm0002031
tt0035896	nm0939992
tt0036613	nm0001008
tt0036723	nm0896533
tt0036855	nm0002030
tt0037059	nm0591486
tt0037382	nm0001328
tt0038109	nm0000033
tt0038355	nm0001328
tt0038369	nm0550892
tt0038559	nm0896533
tt0038787	nm0000033
tt0039192	nm0003836
tt0039192	nm0696247
tt0039504	nm0939992
tt0040051	nm0769874
tt0040051	nm0629999
tt0040051	nm0233071
tt0040051	nm0842611
tt0040051	nm0718467
tt0040051	nm0548529
tt0040051	nm0056582
tt0040051	nm0852279
tt0040051	nm0832254
tt0040051	nm0612322
tt0040051	nm0828720
tt0040051	nm0591173
tt0040051	nm0679013
tt0040051	nm0692872
tt0040051	nm0625680
tt0040051	nm0474539
tt0040051	nm0425593
tt0040051	nm1055550
tt0040051	nm0001239
tt0040051	nm0008030
tt0040051	nm0001486
tt0040051	nm0232401
tt0040051	nm0112939
tt0040051	nm0313221
tt0040051	nm1095959
tt0040051	nm0366578
tt0040051	nm3998298
tt0040051	nm0677951
tt0040051	nm0926012
tt0040051	nm0806915
tt0040051	nm0723629
tt0040051	nm0567170
tt0040051	nm0300818
tt0040051	nm1415576
tt0040051	nm0935636
tt0040051	nm2448858
tt0040051	nm0271653
tt0040051	nm0272214
tt0040051	nm0290866
tt0040051	nm0000989
tt0040051	nm0386619
tt0040051	nm2483528
tt0040051	nm0791027
tt0040051	nm0730265
tt0040051	nm0337770
tt0040051	nm0338719
tt0040051	nm0164044
tt0040525	nm0000080
tt0040536	nm0649097
tt0040552	nm0896533
tt0040746	nm0000033
tt0040806	nm0514822
tt0040897	nm0001379
tt0041038	nm0607612
tt0041038	nm0782690
tt0041038	nm0748979
tt0041038	nm0068691
tt0041038	nm0857949
tt0041038	nm0004573
tt0041038	nm0002179
tt0041038	nm0515317
tt0041452	nm0943758
tt0041546	nm0357607
tt0041716	nm0002045
tt0041716	nm0000037
tt0041951	nm0782690
tt0042041	nm0909825
tt0042192	nm0000581
tt0042279	nm0005789
tt0042816	nm0791041
tt0042889	nm0605925
tt0043014	nm0000697
tt0043228	nm0542720
tt0043228	nm0038906
tt0043228	nm5255343
tt0043228	nm0419265
tt0043228	nm0553077
tt0043228	nm0000736
tt0043228	nm0484645
tt0043228	nm0778513
tt0043228	nm0587277
tt0043228	nm0002137
tt0043228	nm0024120
tt0043228	nm0165493
tt0043228	nm0202297
tt0043228	nm0445650
tt0043228	nm0502766
tt0043228	nm0607612
tt0043228	nm0300818
tt0043228	nm0494110
tt0043228	nm0320637
tt0043228	nm0375712
tt0043228	nm0304681
tt0043228	nm0287931
tt0043228	nm0542737
tt0043228	nm0832254
tt0043228	nm0370821
tt0043228	nm0005898
tt0043228	nm0782682
tt0043228	nm0410320
tt0043228	nm0829038
tt0043228	nm0002179
tt0043228	nm0562388
tt0043228	nm0431395
tt0043228	nm0554169
tt0043228	nm0568228
tt0043228	nm0682734
tt0043228	nm0001537
tt0043228	nm0459627
tt0043228	nm0826873
tt0043228	nm0828594
tt0043228	nm0854358
tt0043228	nm0124877
tt0043228	nm0783116
tt0043228	nm0071657
tt0043228	nm0869664
tt0043228	nm0112939
tt0043228	nm0068691
tt0043228	nm0575546
tt0043228	nm0791027
tt0043228	nm0776838
tt0043228	nm0114436
tt0043228	nm0639529
tt0043228	nm0485647
tt0043228	nm0494903
tt0043228	nm0498614
tt0043228	nm0591142
tt0043228	nm0491852
tt0043228	nm0000071
tt0043228	nm0926636
tt0043228	nm0624809
tt0043228	nm0638528
tt0043228	nm0002134
tt0043228	nm0108571
tt0043228	nm0439776
tt0043228	nm0918659
tt0043228	nm0692872
tt0043228	nm0103975
tt0043228	nm0282984
tt0043228	nm0011727
tt0043228	nm0446053
tt0043265	nm0001379
tt0043278	nm0591486
tt0043338	nm0000697
tt0043426	nm0629999
tt0043631	nm0107960
tt0043693	nm0107960
tt0043710	nm0365882
tt0044081	nm0001415
tt0044093	nm0091430
tt0044243	nm1624439
tt0044284	nm0091575
tt0044284	nm0886757
tt0044284	nm0842582
tt0044284	nm0783551
tt0044284	nm0006916
tt0044284	nm0700842
tt0044284	nm0005817
tt0044284	nm0414991
tt0044284	nm0728509
tt0044284	nm9743256
tt0044284	nm0377434
tt0044284	nm0377433
tt0044284	nm0370749
tt0044284	nm0184150
tt0044284	nm0717261
tt0044284	nm0625680
tt0044284	nm0506589
tt0044284	nm9742961
tt0044284	nm7316150
tt0044284	nm9692107
tt0044284	nm0926012
tt0044284	nm0781751
tt0044284	nm0072328
tt0044284	nm0001811
tt0044284	nm0759806
tt0044284	nm9722633
tt0044284	nm0001486
tt0044284	nm0000989
tt0044284	nm0629999
tt0044284	nm0587332
tt0044284	nm0830654
tt0044284	nm0954219
tt0044284	nm0395105
tt0044284	nm0677951
tt0044284	nm0666777
tt0044284	nm0589228
tt0044284	nm0386619
tt0044284	nm1184818
tt0044284	nm0494886
tt0044284	nm2453477
tt0044284	nm0542720
tt0044284	nm0323287
tt0044284	nm0242409
tt0044284	nm0516093
tt0044284	nm0382026
tt0044284	nm0334353
tt0044284	nm0799033
tt0044284	nm0199756
tt0044284	nm0052300
tt0044284	nm0239291
tt0044284	nm0472708
tt0044284	nm0730265
tt0044284	nm0567170
tt0044284	nm0579781
tt0044284	nm7715327
tt0044284	nm0237848
tt0044284	nm0150706
tt0044284	nm0132763
tt0044284	nm7057798
tt0044284	nm0177034
tt0044284	nm0726823
tt0044284	nm9775211
tt0044284	nm0000037
tt0044284	nm0338719
tt0044284	nm0909678
tt0044284	nm9788485
tt0044284	nm0448508
tt0044284	nm0427775
tt0044284	nm2790357
tt0044706	nm0003593
tt0044901	nm0025504
tt0045152	nm0000037
tt0045152	nm0002045
tt0045519	nm0248157
tt0045793	nm0003593
tt0045943	nm0000581
tt0045960	nm0567170
tt0046135	nm0365882
tt0046150	nm0338719
tt0046250	nm0943758
tt0046303	nm0828419
tt0046359	nm0000697
tt0046587	nm0474539
tt0046587	nm0718467
tt0046587	nm0001239
tt0046587	nm0629999
tt0046587	nm0806915
tt0046587	nm0625680
tt0046587	nm0828720
tt0046587	nm0575546
tt0046587	nm0112939
tt0046587	nm0842867
tt0046587	nm0002137
tt0046587	nm0233071
tt0046587	nm0832254
tt0046587	nm0842582
tt0046587	nm0056582
tt0046587	nm0076971
tt0046587	nm0320637
tt0046587	nm0526946
tt0046593	nm0730860
tt0046593	nm0607558
tt0046593	nm0164203
tt0046593	nm0581303
tt0046593	nm0282984
tt0046593	nm0902270
tt0046593	nm0829038
tt0046593	nm0776317
tt0046593	nm0865709
tt0046593	nm0001175
tt0046593	nm0159007
tt0046593	nm0522028
tt0046593	nm0396421
tt0046593	nm0183857
tt0046593	nm0624809
tt0046593	nm0365346
tt0046593	nm8820958
tt0046593	nm0958677
tt0046593	nm0232902
tt0046593	nm0841416
tt0046593	nm0790281
tt0046593	nm0527217
tt0046593	nm0002155
tt0046593	nm0498711
tt0046593	nm0842093
tt0046593	nm0607612
tt0046593	nm0528032
tt0046593	nm0423236
tt0046593	nm0085457
tt0046593	nm0016386
tt0046593	nm0339264
tt0046593	nm0183307
tt0046593	nm0487047
tt0046593	nm0128434
tt0046593	nm0324013
tt0046593	nm0003422
tt0046593	nm0001904
tt0046593	nm0360286
tt0046593	nm0446834
tt0046593	nm0004305
tt0046593	nm0661577
tt0046593	nm0031246
tt0046593	nm0433143
tt0046593	nm0036206
tt0046593	nm0869427
tt0046593	nm0005738
tt0046593	nm1282261
tt0046593	nm0082300
tt0046593	nm0636495
tt0046593	nm0730265
tt0046593	nm0167195
tt0046593	nm0000739
tt0046593	nm0287931
tt0046593	nm0000977
tt0046593	nm0568546
tt0046593	nm0072178
tt0046593	nm0059106
tt0046593	nm0892144
tt0046593	nm0717470
tt0046593	nm0817636
tt0046593	nm0178114
tt0046593	nm0765121
tt0046593	nm0696662
tt0046593	nm0000484
tt0046593	nm0856715
tt0046593	nm0455741
tt0046593	nm0294094
tt0046593	nm0279379
tt0046593	nm0132763
tt0046593	nm0287988
tt0046593	nm0082676
tt0046593	nm0638528
tt0046593	nm0000127
tt0046593	nm0259589
tt0046593	nm0376033
tt0046593	nm0019282
tt0046593	nm0418986
tt0046593	nm0365192
tt0046593	nm0650561
tt0046593	nm0870533
tt0046593	nm0191592
tt0046593	nm0206560
tt0046593	nm0569710
tt0046593	nm0791027
tt0046593	nm0382548
tt0046593	nm1001982
tt0046593	nm0779641
tt0046593	nm0936823
tt0046593	nm0156047
tt0046593	nm0425540
tt0046593	nm0295550
tt0046593	nm0899957
tt0046593	nm0064407
tt0046593	nm0125111
tt0046593	nm0198991
tt0046593	nm0548529
tt0046593	nm0772422
tt0046593	nm0813583
tt0046593	nm0942687
tt0046593	nm0265564
tt0046593	nm0396812
tt0046593	nm0004877
tt0046593	nm0879210
tt0046593	nm0166551
tt0046593	nm0308376
tt0046593	nm0066439
tt0046593	nm0370749
tt0046593	nm0314671
tt0046593	nm0666777
tt0046593	nm0123273
tt0046593	nm0454790
tt0046593	nm0266144
tt0046593	nm0928782
tt0046593	nm0318795
tt0046593	nm0568535
tt0046593	nm1914472
tt0046593	nm0629363
tt0046593	nm0202297
tt0046593	nm0326360
tt0046593	nm0002137
tt0046593	nm0445650
tt0046593	nm0562251
tt0046593	nm0528927
tt0046593	nm0625379
tt0046593	nm0664515
tt0046593	nm0039300
tt0046593	nm0589253
tt0046593	nm0149548
tt0046593	nm0376101
tt0046593	nm0589023
tt0046593	nm0907822
tt0046593	nm0572132
tt0046593	nm0934578
tt0046593	nm0743093
tt0046593	nm0054374
tt0046593	nm7820716
tt0046593	nm0354793
tt0046593	nm0265535
tt0046593	nm0575008
tt0046593	nm0064415
tt0046593	nm0674085
tt0046593	nm0002175
tt0046593	nm0776838
tt0046593	nm0307209
tt0046593	nm0767572
tt0046593	nm0827854
tt0046593	nm0792450
tt0046593	nm0718627
tt0046593	nm0789313
tt0046593	nm0414144
tt0046593	nm0472537
tt0046593	nm0949597
tt0046593	nm0004621
tt0046593	nm0842582
tt0046593	nm0703867
tt0046593	nm0770474
tt0046593	nm0179994
tt0046593	nm0546791
tt0046593	nm0587804
tt0046593	nm0788454
tt0046593	nm0453832
tt0046593	nm0872274
tt0046593	nm0641400
tt0046593	nm0035899
tt0046637	nm0773693
tt0046637	nm0052300
tt0046637	nm0002072
tt0046637	nm0773780
tt0046637	nm0359589
tt0046637	nm0550092
tt0046637	nm0781751
tt0046637	nm0232401
tt0046637	nm1079260
tt0046637	nm0542720
tt0046637	nm0115185
tt0046637	nm0239291
tt0046637	nm0427775
tt0046637	nm0001486
tt0046637	nm0769874
tt0046637	nm0671957
tt0046637	nm3734660
tt0046637	nm0758891
tt0046637	nm0695937
tt0046637	nm0943758
tt0046637	nm0514822
tt0046643	nm0506589
tt0046643	nm0076971
tt0046643	nm0625680
tt0046855	nm0506589
tt0046864	nm0365013
tt0046912	nm0000033
tt0047296	nm0001415
tt0047396	nm0000033
tt0047478	nm0000041
tt0047522	nm0002030
tt0047702	nm0020765
tt0047702	nm0108571
tt0047702	nm0736610
tt0047702	nm0829038
tt0047702	nm0692872
tt0047702	nm0103975
tt0047702	nm0652631
tt0047702	nm0180369
tt0047702	nm0324013
tt0047702	nm0449462
tt0047702	nm0782682
tt0047702	nm0861679
tt0047702	nm0924065
tt0047702	nm0215877
tt0047702	nm0320637
tt0047702	nm0751514
tt0047702	nm0918659
tt0047745	nm0748979
tt0047745	nm0591142
tt0047745	nm0000406
tt0047745	nm0202297
tt0047745	nm0282984
tt0047745	nm0625651
tt0047745	nm0918659
tt0047745	nm0869664
tt0047745	nm0001175
tt0047745	nm0287836
tt0047745	nm0905729
tt0047745	nm0829038
tt0047745	nm0410320
tt0047745	nm0394409
tt0047745	nm0791027
tt0047745	nm0038906
tt0047745	nm0485647
tt0047745	nm0313884
tt0047768	nm0097648
tt0047768	nm0307819
tt0047768	nm0103975
tt0047768	nm0905729
tt0047768	nm0564970
tt0047768	nm0245385
tt0047768	nm0000406
tt0047768	nm0374702
tt0047768	nm0550892
tt0047768	nm0572851
tt0047768	nm0693281
tt0047768	nm0782682
tt0047768	nm0831720
tt0047768	nm0005898
tt0047768	nm0020765
tt0047768	nm0083125
tt0047768	nm0124877
tt0047768	nm0150706
tt0047768	nm0226189
tt0047768	nm0351947
tt0047768	nm0005738
tt0047768	nm0526946
tt0047768	nm0692872
tt0047768	nm0723664
tt0047768	nm0792450
tt0047768	nm0878338
tt0047768	nm0003593
tt0047810	nm0654109
tt0047852	nm0000406
tt0047858	nm0232401
tt0047961	nm0142056
tt0048028	nm0001415
tt0048067	nm0718467
tt0048302	nm0572851
tt0048317	nm0896533
tt0048371	nm1247454
tt0048378	nm0829038
tt0048462	nm0652631
tt0048545	nm0712947
tt0048562	nm0000406
tt0048728	nm0000033
tt0048883	nm0724798
tt0048893	nm0320637
tt0048893	nm0313221
tt0048893	nm0056582
tt0048893	nm0950109
tt0048893	nm0338719
tt0048893	nm0337770
tt0048893	nm0723629
tt0048893	nm0677951
tt0048893	nm0233071
tt0048893	nm0912766
tt0048893	nm0666777
tt0048893	nm0580565
tt0048893	nm0506589
tt0048893	nm0164044
tt0048893	nm0103975
tt0048893	nm0494903
tt0048893	nm0001486
tt0048893	nm0781751
tt0048893	nm0755963
tt0048893	nm0842582
tt0048893	nm0718467
tt0048893	nm0935636
tt0048893	nm0386619
tt0048893	nm0748979
tt0048893	nm0629999
tt0048893	nm0920862
tt0048893	nm0624809
tt0048893	nm0542720
tt0048893	nm0612322
tt0048893	nm0177034
tt0048893	nm0001351
tt0048893	nm0474539
tt0048893	nm0671957
tt0048893	nm0828720
tt0048893	nm0002137
tt0048893	nm0232401
tt0048893	nm0625680
tt0048893	nm0769874
tt0048893	nm0001239
tt0049189	nm0671862
tt0049261	nm0828419
tt0049408	nm0485943
tt0049456	nm0591486
tt0049456	nm0002030
tt0049473	nm0453832
tt0049572	nm0779670
tt0049669	nm0625680
tt0049833	nm0001124
tt0050013	nm0781751
tt0050013	nm0677951
tt0050013	nm0612322
tt0050013	nm0625680
tt0050013	nm0001486
tt0050013	nm0171747
tt0050013	nm0233071
tt0050013	nm0542720
tt0050013	nm0769615
tt0050013	nm0001239
tt0050013	nm0313221
tt0050013	nm0621469
tt0050013	nm0200022
tt0050013	nm0334353
tt0050013	nm0724504
tt0050031	nm0625680
tt0050083	nm0001486
tt0050105	nm0564970
tt0050212	nm0000180
tt0050259	nm0001239
tt0050318	nm0314671
tt0050318	nm0587804
tt0050318	nm0527217
tt0050320	nm0610303
tt0050419	nm0002045
tt0050468	nm0836328
tt0050641	nm0223265
tt0050678	nm0165107
tt0050695	nm0514822
tt0050695	nm0115185
tt0050783	nm0000019
tt0050976	nm0000005
tt0050986	nm0000005
tt0050988	nm0103975
tt0051036	nm0533241
tt0051201	nm0000697
tt0051312	nm0500552
tt0051312	nm0801717
tt0051312	nm0395105
tt0051312	nm0624809
tt0051312	nm0338719
tt0051312	nm0091575
tt0051312	nm0115185
tt0051312	nm0606886
tt0051312	nm3777881
tt0051312	nm0677951
tt0051312	nm0748979
tt0051312	nm0038906
tt0051312	nm0181011
tt0051312	nm0242409
tt0051312	nm0377741
tt0051312	nm0002137
tt0051312	nm0629999
tt0051312	nm0792938
tt0051312	nm0120437
tt0051312	nm0443170
tt0051312	nm0589228
tt0051312	nm0718467
tt0051344	nm0625680
tt0051523	nm0001239
tt0051625	nm0769874
tt0051680	nm0467646
tt0051739	nm0623768
tt0051763	nm0139878
tt0051808	nm0000041
tt0051929	nm0142056
tt0052128	nm0654109
tt0052236	nm0738056
tt0052237	nm0738056
tt0052238	nm0738056
tt0052239	nm0738056
tt0052240	nm0738056
tt0052241	nm0738056
tt0052311	nm0000080
tt0052357	nm0000033
tt0052365	nm0281507
tt0052458	nm0819806
tt0052458	nm0568228
tt0052458	nm0139878
tt0052458	nm0020765
tt0052458	nm0282984
tt0052511	nm0308417
tt0052511	nm0000033
tt0052511	nm0150706
tt0052511	nm1184818
tt0052511	nm0769874
tt0052511	nm0115185
tt0052511	nm0542720
tt0052511	nm0002011
tt0052511	nm0200022
tt0052511	nm0629999
tt0052511	nm0568150
tt0052511	nm0201328
tt0052511	nm0377741
tt0052511	nm0828720
tt0052511	nm0790395
tt0052511	nm1157487
tt0052511	nm0001239
tt0052511	nm0002080
tt0052511	nm0934827
tt0052511	nm0232902
tt0052511	nm0726823
tt0052511	nm0692872
tt0052511	nm0387695
tt0052511	nm0625680
tt0052618	nm0943758
tt0052628	nm0610303
tt0052630	nm0612322
tt0052647	nm0254559
tt0052730	nm0561797
tt0052856	nm0139878
tt0052857	nm0001692
tt0052866	nm0001692
tt0052874	nm0625680
tt0052931	nm0654109
tt0052952	nm0121169
tt0053125	nm0000033
tt0053137	nm0006452
tt0053172	nm0330456
tt0053303	nm0738056
tt0053304	nm0738056
tt0053305	nm0738056
tt0053343	nm0450122
tt0053384	nm0001239
tt0053405	nm0001692
tt0053581	nm0828720
tt0053722	nm0204144
tt0053723	nm0204144
tt0053779	nm0000019
tt0053827	nm0338719
tt0053946	nm0006452
tt0053966	nm0001486
tt0053974	nm0021975
tt0054015	nm0181011
tt0054028	nm0001692
tt0054057	nm0370868
tt0054062	nm0001692
tt0054084	nm0588183
tt0054087	nm0001692
tt0054087	nm0427880
tt0054215	nm0000033
tt0054319	nm0377741
tt0054331	nm0000040
tt0054338	nm0738056
tt0054339	nm0738056
tt0054340	nm0738056
tt0054452	nm0167241
tt0054513	nm0189075
tt0054513	nm0320637
tt0054513	nm0627950
tt0054513	nm0692872
tt0054513	nm0791027
tt0054513	nm0103975
tt0054513	nm0202297
tt0054513	nm0589228
tt0054513	nm0769615
tt0054513	nm0137999
tt0054513	nm0388913
tt0054513	nm0678928
tt0054513	nm0781751
tt0054513	nm0856715
tt0054513	nm0282984
tt0054513	nm0000406
tt0054513	nm0516093
tt0054513	nm0723629
tt0054513	nm0852279
tt0054513	nm0068691
tt0054513	nm0229697
tt0054513	nm0001628
tt0054513	nm0750818
tt0054513	nm0806915
tt0054513	nm0918659
tt0054532	nm0351918
tt0054532	nm0474539
tt0054532	nm0589228
tt0054532	nm0002195
tt0054532	nm0625680
tt0054532	nm0001537
tt0054532	nm0852279
tt0054532	nm0468609
tt0054532	nm0920862
tt0054532	nm0575546
tt0054532	nm0500837
tt0054532	nm0232527
tt0054532	nm0295053
tt0054532	nm0001175
tt0054532	nm0334353
tt0054532	nm0321143
tt0054532	nm0200022
tt0054532	nm0485871
tt0054532	nm0001603
tt0054532	nm0799033
tt0054532	nm0020765
tt0054532	nm0445650
tt0054532	nm0679013
tt0054532	nm0282984
tt0054532	nm0125111
tt0054532	nm0139878
tt0054532	nm0507390
tt0054532	nm0370749
tt0054532	nm0002087
tt0054532	nm0002137
tt0054645	nm0605925
tt0054654	nm0021975
tt0054698	nm0001175
tt0054749	nm0001120
tt0054754	nm0321700
tt0054794	nm0365013
tt0054796	nm0610303
tt0054994	nm0265535
tt0054996	nm0786607
tt0055031	nm0006452
tt0055130	nm0873541
tt0055131	nm0418986
tt0055132	nm0873541
tt0055203	nm0177356
tt0055250	nm0001692
tt0055281	nm0240439
tt0055314	nm0942081
tt0055334	nm0001692
tt0055387	nm0418986
tt0055433	nm0121169
tt0055443	nm0177356
tt0055476	nm0738056
tt0055477	nm0738056
tt0055663	nm0321143
tt0055663	nm0336139
tt0055663	nm0399849
tt0055663	nm0718467
tt0055663	nm0666777
tt0055663	nm0751514
tt0055663	nm0072561
tt0055663	nm0545273
tt0055663	nm0445650
tt0055663	nm0080867
tt0055663	nm0268513
tt0055663	nm0692872
tt0055663	nm0682757
tt0055663	nm0002137
tt0055663	nm0394873
tt0055663	nm0005747
tt0055663	nm0568535
tt0055685	nm0474539
tt0055685	nm0765121
tt0055685	nm0852279
tt0055685	nm0680097
tt0055685	nm0072561
tt0055685	nm0011727
tt0055685	nm0575546
tt0055685	nm0370749
tt0055685	nm0080867
tt0055685	nm0679013
tt0055685	nm0002134
tt0055685	nm0001023
tt0055685	nm0796923
tt0055685	nm0150329
tt0055685	nm0627950
tt0055704	nm0738056
tt0055808	nm0001175
tt0055929	nm0624809
tt0055952	nm0001692
tt0055961	nm0696662
tt0055989	nm0000406
tt0056033	nm0589253
tt0056152	nm0651915
tt0056199	nm0001692
tt0056250	nm0624809
tt0056266	nm0001023
tt0056295	nm0873541
tt0056324	nm0001023
tt0056359	nm0001692
tt0056373	nm0149548
tt0056374	nm0177356
tt0056398	nm0755963
tt0056441	nm0865709
tt0056476	nm0621469
tt0056508	nm0281865
tt0056523	nm0738056
tt0056525	nm0280364
tt0056578	nm0002137
tt0056590	nm0418986
tt0056687	nm0000736
tt0056754	nm0392519
tt0056754	nm0467646
tt0056754	nm0494903
tt0056754	nm0400731
tt0056754	nm0338719
tt0056754	nm0177034
tt0056754	nm0125111
tt0056754	nm0791027
tt0056754	nm0003836
tt0056754	nm0386619
tt0056754	nm0742341
tt0056792	nm0002195
tt0056792	nm0437900
tt0056792	nm0567170
tt0056792	nm0946391
tt0056792	nm0625383
tt0056792	nm0394409
tt0056792	nm0685957
tt0056792	nm0410320
tt0056792	nm0455831
tt0056792	nm0852279
tt0056792	nm0739987
tt0056792	nm0842093
tt0056792	nm0232902
tt0056792	nm0506589
tt0056792	nm0926636
tt0056792	nm0792605
tt0056792	nm0572851
tt0056792	nm0350041
tt0056792	nm0024120
tt0056792	nm1864855
tt0056792	nm0548965
tt0056792	nm0001077
tt0056792	nm0918659
tt0056792	nm0548529
tt0056792	nm0724504
tt0056792	nm0822570
tt0056792	nm0018354
tt0056792	nm0721728
tt0056792	nm0790395
tt0056792	nm0282291
tt0056798	nm0610303
tt0056801	nm0000019
tt0056809	nm0626611
tt0056923	nm0002045
tt0056980	nm0001692
tt0057010	nm0365013
tt0057157	nm0149548
tt0057201	nm0624809
tt0057255	nm0674085
tt0057260	nm0936358
tt0057345	nm0000419
tt0057413	nm0001175
tt0057451	nm0355051
tt0057456	nm0610303
tt0057526	nm0738056
tt0057585	nm0344872
tt0057668	nm0696662
tt0057671	nm0651915
tt0057672	nm0001692
tt0057817	nm0108707
tt0057828	nm0651915
tt0057850	nm0651915
tt0057856	nm0651915
tt0057867	nm0568546
tt0057874	nm0001692
tt0057877	nm0322706
tt0057927	nm0765856
tt0057947	nm3791236
tt0057959	nm0930299
tt0057959	nm0241017
tt0057976	nm0254559
tt0058015	nm0001692
tt0058035	nm0001692
tt0058078	nm0610303
tt0058116	nm0003836
tt0058141	nm3796230
tt0058141	nm3790917
tt0058180	nm0651915
tt0058302	nm0111302
tt0058335	nm0001120
tt0058385	nm0002030
tt0058568	nm0651915
tt0058613	nm0738056
tt0058614	nm0738056
tt0058640	nm0295550
tt0058640	nm0666777
tt0058746	nm0626611
tt0058836	nm0818226
tt0058836	nm0108707
tt0058836	nm0086556
tt0058836	nm0585615
tt0058836	nm0751373
tt0058836	nm0193168
tt0058836	nm0142056
tt0058836	nm0241017
tt0058836	nm0317042
tt0058836	nm0693339
tt0058836	nm0767697
tt0058836	nm0936358
tt0058836	nm0057959
tt0058836	nm0131769
tt0058836	nm0148115
tt0058836	nm0240172
tt0058836	nm0177356
tt0058836	nm0339543
tt0058836	nm0358759
tt0058836	nm0765856
tt0058836	nm0360324
tt0058836	nm0331290
tt0058836	nm0579711
tt0058836	nm0240154
tt0058836	nm0135326
tt0058836	nm0420949
tt0058836	nm0385120
tt0058836	nm0272547
tt0058853	nm0129469
tt0058853	nm0516360
tt0058853	nm0272742
tt0058853	nm0203712
tt0058853	nm0404014
tt0058853	nm0534365
tt0058853	nm0108707
tt0058853	nm0418986
tt0058853	nm0331290
tt0058853	nm0662091
tt0058853	nm0241017
tt0058853	nm0602454
tt0058853	nm0177356
tt0058853	nm0732045
tt0058853	nm0371157
tt0058853	nm0626611
tt0058853	nm0533718
tt0058853	nm0533334
tt0058853	nm0923613
tt0058853	nm0035840
tt0058853	nm0579711
tt0058853	nm0936358
tt0058853	nm0767697
tt0058853	nm0070836
tt0058853	nm0386482
tt0058853	nm1187874
tt0058853	nm0316830
tt0058853	nm0875982
tt0058853	nm0324995
tt0058853	nm0322560
tt0058853	nm0358759
tt0058853	nm0574762
tt0058853	nm0164639
tt0058853	nm0875744
tt0058853	nm0142056
tt0058853	nm0264239
tt0058853	nm1046485
tt0058853	nm0863254
tt0058853	nm0121169
tt0058853	nm0498780
tt0058853	nm0558068
tt0058853	nm0656108
tt0058853	nm0725880
tt0058853	nm0585615
tt0058853	nm0765856
tt0058853	nm0801111
tt0058853	nm0170934
tt0058853	nm1791134
tt0058853	nm0334273
tt0058853	nm0732306
tt0058853	nm0772259
tt0058853	nm0928339
tt0058853	nm0365013
tt0058853	nm0047688
tt0058853	nm0240154
tt0058853	nm0371601
tt0058853	nm0569819
tt0058853	nm0588877
tt0058853	nm0805444
tt0058853	nm0075865
tt0058853	nm0353592
tt0058853	nm0565110
tt0058893	nm0203712
tt0058900	nm0001692
tt0058908	nm0404014
tt0058914	nm0353592
tt0058916	nm0177356
tt0058927	nm0662091
tt0058931	nm0621469
tt0058937	nm0132763
tt0058984	nm0725880
tt0058989	nm0805444
tt0059011	nm0035840
tt0059020	nm0516360
tt0059047	nm0602454
tt0059048	nm0818226
tt0059053	nm0129469
tt0059061	nm0818226
tt0059086	nm0626611
tt0059092	nm0238245
tt0059158	nm0316830
tt0059165	nm0725880
tt0059191	nm0732045
tt0059198	nm0585615
tt0059225	nm0662091
tt0059230	nm0906859
tt0059286	nm0135326
tt0059333	nm0142056
tt0059396	nm0725880
tt0059420	nm0371601
tt0059450	nm0272742
tt0059451	nm0108707
tt0059461	nm0135326
tt0059476	nm0626611
tt0059510	nm0602454
tt0059513	nm0693339
tt0059523	nm0316830
tt0059537	nm0331290
tt0059566	nm0936358
tt0059569	nm0404014
tt0059571	nm0552957
tt0059591	nm0626611
tt0059658	nm0058096
tt0059708	nm0732045
tt0059717	nm0936358
tt0059749	nm0728688
tt0059751	nm0738056
tt0059752	nm0203712
tt0059753	nm0125111
tt0059759	nm0610303
tt0059808	nm0765856
tt0059822	nm0272742
tt0059830	nm0241017
tt0059847	nm0574762
tt0059849	nm0936851
tt0059854	nm0516360
tt0059886	nm0203712
tt0059956	nm0001501
tt0060028	nm0200022
tt0060028	nm0678928
tt0060028	nm0568546
tt0060028	nm0784198
tt0060028	nm0852676
tt0060028	nm0909098
tt0060028	nm0125111
tt0060028	nm0159007
tt0060028	nm0524188
tt0060028	nm0652631
tt0060028	nm0326360
tt0060028	nm0202297
tt0060028	nm0018354
tt0060028	nm0229697
tt0060028	nm0366314
tt0060028	nm0671984
tt0060028	nm0765121
tt0060028	nm0817081
tt0060028	nm0321143
tt0060028	nm0568228
tt0060028	nm0627950
tt0060028	nm0641400
tt0060028	nm0259589
tt0060028	nm0464506
tt0060028	nm0494903
tt0060028	nm0625383
tt0060028	nm0325476
tt0060028	nm0448946
tt0060031	nm0602454
tt0060100	nm0272742
tt0060119	nm0070836
tt0060121	nm0002045
tt0060166	nm0241017
tt0060180	nm0534365
tt0060202	nm0129469
tt0060208	nm0732306
tt0060211	nm0135326
tt0060217	nm0906859
tt0060235	nm0418986
tt0060255	nm0404014
tt0060257	nm0579711
tt0060282	nm0467646
tt0060284	nm0108707
tt0060292	nm0177356
tt0060322	nm0936358
tt0060331	nm0001692
tt0060365	nm0404014
tt0060367	nm0203712
tt0060370	nm0283706
tt0060384	nm0091575
tt0060387	nm0765856
tt0060394	nm0177356
tt0060403	nm0936358
tt0060412	nm0371601
tt0060419	nm0316830
tt0060425	nm0353592
tt0060428	nm0241017
tt0060460	nm0371601
tt0060463	nm0850895
tt0060470	nm0142056
tt0060493	nm0875982
tt0060506	nm0386482
tt0060556	nm0729626
tt0060567	nm0135326
tt0060634	nm0534365
tt0060643	nm0767697
tt0060644	nm0404014
tt0060656	nm0460957
tt0060657	nm0371601
tt0060663	nm0241017
tt0060682	nm0585615
tt0060715	nm0641400
tt0060727	nm0108707
tt0060772	nm0756803
tt0060781	nm0316830
tt0060827	nm0000005
tt0060844	nm0131769
tt0060875	nm0170934
tt0060876	nm0331290
tt0060981	nm0418986
tt0060996	nm0418986
tt0061025	nm0738056
tt0061027	nm0326360
tt0061048	nm0371157
tt0061063	nm0241017
tt0061100	nm0534365
tt0061104	nm0317042
tt0061110	nm0936358
tt0061129	nm0177356
tt0061143	nm0936851
tt0061145	nm0725880
tt0061171	nm0626611
tt0061172	nm0193168
tt0061178	nm0203712
tt0061184	nm0001566
tt0061185	nm0272742
tt0061187	nm0621469
tt0061231	nm0739987
tt0061312	nm0738056
tt0061327	nm0818226
tt0061348	nm0738056
tt0061361	nm0316830
tt0061392	nm0552957
tt0061413	nm0756803
tt0061422	nm0865709
tt0061425	nm0115100
tt0061430	nm0142056
tt0061466	nm0765856
tt0061527	nm0353592
tt0061533	nm0129469
tt0061544	nm0316830
tt0061552	nm0001692
tt0061554	nm0772259
tt0061554	nm0404014
tt0061564	nm0404014
tt0061639	nm0108707
tt0061642	nm0129469
tt0061644	nm0358759
tt0061666	nm0142056
tt0061713	nm0404014
tt0061721	nm0602454
tt0061760	nm0371157
tt0061813	nm0936358
tt0061825	nm0725880
tt0061871	nm0574762
tt0061901	nm0028628
tt0061915	nm0177356
tt0061921	nm0943921
tt0061940	nm0047688
tt0061965	nm0272742
tt0061967	nm0203712
tt0061991	nm0574762
tt0062066	nm0534365
tt0062072	nm0028628
tt0062074	nm0108707
tt0062081	nm0170934
tt0062095	nm0656108
tt0062134	nm0121169
tt0062158	nm0533334
tt0062170	nm0177356
tt0062172	nm0241017
tt0062176	nm0331290
tt0062214	nm0177356
tt0062280	nm0602454
tt0062303	nm0534365
tt0062344	nm0322560
tt0062348	nm0316830
tt0062406	nm2531096
tt0062423	nm0936851
tt0062469	nm0366443
tt0062471	nm0331290
tt0062476	nm0331290
tt0062495	nm0552957
tt0062568	nm0920862
tt0062568	nm0417054
tt0062568	nm0125111
tt0062568	nm0295053
tt0062568	nm0266144
tt0062568	nm0861679
tt0062568	nm0469957
tt0062568	nm0036400
tt0062568	nm0568535
tt0062568	nm0790395
tt0062568	nm0770474
tt0062568	nm0641400
tt0062568	nm0790281
tt0062568	nm0625383
tt0062568	nm0239291
tt0062568	nm0822570
tt0062568	nm0601293
tt0062568	nm0718467
tt0062568	nm0321143
tt0062568	nm0070807
tt0062568	nm0918659
tt0062568	nm0827854
tt0062568	nm0337805
tt0062568	nm0085457
tt0062568	nm0389473
tt0062568	nm0082676
tt0062568	nm0481775
tt0062568	nm0046172
tt0062568	nm0458033
tt0062568	nm0364749
tt0062568	nm0200022
tt0062568	nm0520437
tt0062568	nm0232702
tt0062568	nm0679013
tt0062568	nm0202297
tt0062568	nm0229697
tt0062568	nm0080867
tt0062568	nm0842093
tt0062568	nm0518719
tt0062568	nm0684719
tt0062568	nm0381638
tt0062568	nm0248559
tt0062568	nm0730265
tt0062568	nm0001904
tt0062568	nm0170225
tt0062568	nm0671984
tt0062568	nm0595229
tt0062568	nm0935636
tt0062568	nm0627950
tt0062568	nm0610303
tt0062568	nm0325476
tt0062568	nm0926146
tt0062568	nm0128434
tt0062568	nm0304681
tt0062568	nm0494885
tt0062568	nm0766191
tt0062568	nm0738180
tt0062568	nm0561879
tt0062568	nm0002155
tt0062568	nm0541900
tt0062568	nm0186305
tt0062568	nm0494903
tt0062568	nm0159007
tt0062568	nm0506589
tt0062568	nm0386619
tt0062568	nm0607301
tt0062568	nm0042500
tt0062578	nm0432846
tt0062578	nm0553077
tt0062578	nm0428195
tt0062578	nm0364749
tt0062578	nm0000740
tt0062599	nm0000265
tt0062599	nm0091575
tt0062599	nm0232527
tt0062599	nm0425593
tt0062599	nm0548965
tt0062599	nm0910737
tt0062599	nm0920862
tt0062599	nm0005570
tt0062599	nm0764781
tt0062603	nm0366443
tt0062622	nm0000040
tt0062672	nm0923613
tt0062717	nm0365013
tt0062720	nm0049052
tt0062735	nm0552957
tt0062750	nm0447383
tt0062756	nm0232527
tt0062791	nm0371157
tt0062795	nm0057959
tt0062811	nm0035840
tt0062835	nm1558501
tt0062843	nm0129469
tt0062845	nm0534365
tt0062854	nm0651915
tt0062910	nm0936358
tt0062954	nm0732306
tt0062956	nm0142056
tt0062999	nm1558501
tt0063046	nm0920862
tt0063047	nm0331290
tt0063078	nm0316830
tt0063100	nm0285998
tt0063150	nm0923613
tt0063187	nm0552957
tt0063209	nm0283706
tt0063227	nm0367431
tt0063235	nm1558501
tt0063264	nm0108707
tt0063266	nm0534365
tt0063284	nm0395379
tt0063298	nm0447383
tt0063302	nm0585615
tt0063327	nm0334273
tt0063343	nm0142056
tt0063349	nm0331290
tt0063355	nm0751373
tt0063367	nm0358759
tt0063377	nm0626611
tt0063381	nm0588664
tt0063438	nm0317042
tt0063442	nm0769874
tt0063449	nm0533334
tt0063455	nm0281865
tt0063457	nm0353592
tt0063460	nm0086556
tt0063481	nm0626611
tt0063566	nm0738056
tt0063590	nm0203712
tt0063628	nm0001692
tt0063637	nm0404014
tt0063639	nm0404014
tt0063641	nm0738056
tt0063645	nm0191592
tt0063659	nm0386482
tt0063676	nm0170934
tt0063686	nm0173213
tt0063702	nm0135326
tt0063706	nm0404014
tt0063743	nm0936851
tt0063749	nm0240154
tt0063795	nm0936358
tt0063815	nm0135326
tt0063817	nm0533334
tt0063875	nm0206560
tt0063875	nm0293197
tt0063875	nm0037322
tt0063875	nm0241174
tt0063875	nm0425593
tt0063927	nm0232527
tt0063927	nm0459170
tt0063927	nm0259589
tt0063927	nm0202297
tt0063927	nm0568228
tt0063927	nm0070807
tt0063927	nm0491852
tt0063927	nm0266144
tt0063927	nm0494885
tt0063927	nm0448482
tt0063927	nm0562251
tt0063927	nm0595537
tt0063927	nm0450314
tt0063927	nm0448946
tt0063927	nm0018354
tt0063927	nm0232702
tt0063927	nm0000229
tt0063927	nm0500837
tt0063927	nm0671984
tt0063927	nm0844358
tt0063927	nm0607612
tt0063927	nm0006926
tt0063927	nm0068691
tt0063927	nm0249053
tt0063927	nm0723629
tt0063927	nm0518719
tt0063927	nm0718467
tt0063927	nm0677951
tt0063927	nm0159711
tt0063927	nm0495209
tt0063927	nm0200022
tt0063927	nm0172642
tt0063927	nm0170225
tt0063927	nm0568535
tt0063927	nm0678928
tt0063927	nm0038906
tt0063928	nm0068691
tt0063928	nm0792605
tt0063928	nm0822570
tt0063928	nm0128434
tt0063928	nm0325476
tt0063928	nm0239291
tt0063928	nm0677951
tt0063928	nm0366314
tt0063928	nm0070807
tt0063928	nm0678928
tt0063928	nm0911350
tt0063928	nm0680097
tt0063928	nm0001888
tt0063928	nm0641400
tt0063928	nm0671984
tt0063928	nm0263496
tt0063928	nm0304681
tt0063928	nm0334353
tt0063928	nm0562388
tt0063928	nm0566671
tt0063928	nm0755963
tt0063928	nm0568535
tt0063928	nm0295550
tt0063928	nm0356396
tt0063955	nm0334353
tt0063955	nm0443170
tt0063955	nm0001904
tt0063955	nm0295550
tt0063955	nm0562251
tt0063955	nm0125111
tt0063955	nm0031398
tt0063955	nm0591142
tt0063955	nm0869427
tt0063955	nm0159007
tt0063955	nm0641400
tt0063955	nm0822570
tt0063955	nm0784198
tt0063955	nm0852676
tt0063955	nm0068691
tt0064058	nm0291125
tt0064077	nm0272742
tt0064090	nm0923613
tt0064097	nm0108707
tt0064116	nm0001466
tt0064138	nm0404014
tt0064163	nm0108707
tt0064173	nm0371601
tt0064174	nm0553077
tt0064184	nm0142056
tt0064187	nm0148115
tt0064214	nm0425593
tt0064289	nm0316830
tt0064292	nm0913123
tt0064304	nm0776598
tt0064309	nm0331290
tt0064314	nm0738056
tt0064325	nm0738056
tt0064342	nm0240154
tt0064361	nm0366443
tt0064367	nm0339543
tt0064404	nm0588877
tt0064412	nm0240172
tt0064444	nm0371157
tt0064468	nm0142056
tt0064475	nm0765121
tt0064502	nm0272742
tt0064525	nm0108707
tt0064584	nm0602454
tt0064600	nm0035840
tt0064636	nm0723629
tt0064648	nm0171619
tt0064657	nm0936358
tt0064678	nm0651915
tt0064692	nm0534365
tt0064700	nm0923613
tt0064705	nm0829038
tt0064725	nm0755963
tt0064725	nm0790395
tt0064725	nm0000229
tt0064830	nm0049052
tt0064901	nm0366443
tt0064903	nm0108707
tt0064922	nm0756803
tt0064942	nm0135326
tt0064998	nm0875744
tt0065014	nm7074519
tt0065015	nm0420949
tt0065017	nm0203712
tt0065056	nm0806449
tt0065066	nm0610303
tt0065068	nm0420949
tt0065074	nm0872274
tt0065087	nm0334353
tt0065098	nm0582146
tt0065115	nm0610303
tt0065141	nm0755963
tt0065158	nm0936851
tt0065190	nm0923613
tt0065232	nm0366314
tt0065303	nm0128434
tt0065303	nm0916977
tt0065303	nm0056191
tt0065303	nm0765121
tt0065303	nm0568228
tt0065303	nm0554169
tt0065303	nm0601293
tt0065303	nm0739987
tt0065303	nm0918659
tt0065303	nm0001888
tt0065317	nm0450314
tt0065317	nm0562251
tt0065317	nm0031398
tt0065317	nm0841416
tt0065317	nm0382227
tt0065317	nm0806915
tt0065317	nm0790395
tt0065317	nm0766191
tt0065317	nm0170225
tt0065317	nm0171619
tt0065317	nm0545273
tt0065317	nm0755963
tt0065317	nm0000791
tt0065317	nm0002195
tt0065317	nm0266144
tt0065317	nm0206560
tt0065317	nm0417054
tt0065317	nm0506215
tt0065317	nm0661577
tt0065317	nm0232527
tt0065317	nm0827854
tt0065317	nm0915840
tt0065317	nm0085457
tt0065317	nm0228853
tt0065327	nm0002155
tt0065327	nm0844358
tt0065327	nm0232527
tt0065327	nm0278240
tt0065327	nm0000559
tt0065327	nm0784198
tt0065327	nm0852279
tt0065327	nm0790395
tt0065327	nm0004330
tt0065327	nm0302027
tt0065327	nm0355032
tt0065327	nm0293197
tt0065327	nm0443934
tt0065327	nm0233864
tt0065327	nm0382227
tt0065327	nm0282291
tt0065327	nm0506215
tt0065327	nm0000229
tt0065327	nm0524188
tt0065327	nm0040014
tt0065327	nm0481963
tt0065327	nm0627950
tt0065327	nm0179786
tt0065327	nm0000824
tt0065327	nm0070807
tt0065327	nm0755963
tt0065327	nm0241174
tt0065327	nm0356396
tt0065327	nm0718467
tt0065357	nm0852676
tt0065357	nm0627950
tt0065357	nm0366314
tt0065381	nm0506215
tt0065382	nm0805444
tt0065404	nm0203712
tt0065426	nm0001565
tt0065461	nm0134456
tt0065487	nm0128434
tt0065540	nm0185699
tt0065559	nm0035840
tt0065608	nm0001692
tt0065609	nm0203786
tt0065645	nm0272742
tt0065682	nm0148115
tt0065689	nm0108707
tt0065697	nm0431586
tt0065725	nm0331290
tt0065728	nm0923613
tt0065741	nm0738056
tt0065745	nm0738056
tt0065811	nm3466425
tt0065822	nm0602454
tt0065849	nm0322560
tt0065860	nm0574762
tt0065864	nm0875744
tt0065902	nm0923613
tt0065910	nm0894583
tt0065937	nm0185699
tt0065941	nm0334273
tt0065971	nm0602454
tt0065972	nm0272742
tt0065982	nm0108707
tt0066000	nm0765121
tt0066003	nm0805444
tt0066028	nm0331290
tt0066084	nm0840671
tt0066180	nm0148115
tt0066235	nm0382227
tt0066254	nm0241174
tt0066257	nm0738056
tt0066278	nm1209069
tt0066280	nm0533334
tt0066281	nm0767697
tt0066293	nm0371157
tt0066625	nm0370749
tt0066625	nm0801883
tt0066625	nm0000791
tt0066625	nm0790395
tt0066625	nm0070807
tt0066625	nm0482881
tt0066625	nm0506215
tt0066625	nm0071999
tt0066625	nm0179786
tt0066625	nm0170225
tt0066625	nm0266144
tt0066625	nm0382227
tt0066625	nm0450314
tt0066625	nm0554169
tt0066625	nm0562251
tt0066625	nm0792605
tt0066625	nm0844358
tt0066625	nm0002155
tt0066625	nm0054374
tt0066625	nm0082676
tt0066625	nm0241458
tt0066625	nm0272214
tt0066625	nm0933105
tt0066631	nm0610303
tt0066631	nm0367405
tt0066631	nm0001149
tt0066631	nm0869427
tt0066631	nm0534613
tt0066631	nm0382227
tt0066631	nm0458033
tt0066631	nm0325476
tt0066631	nm0909098
tt0066631	nm0159007
tt0066681	nm0844358
tt0066681	nm0568228
tt0066681	nm2483000
tt0066681	nm0239291
tt0066681	nm0723629
tt0066681	nm0469957
tt0066681	nm0554169
tt0066681	nm0801883
tt0066681	nm0370749
tt0066681	nm0624809
tt0066681	nm0680097
tt0066681	nm0852676
tt0066681	nm0765121
tt0066681	nm0791027
tt0066705	nm0241174
tt0066705	nm0000229
tt0066705	nm0179786
tt0066705	nm0293197
tt0066705	nm0829343
tt0066921	nm0000040
tt0068646	nm0000338
tt0068767	nm0516344
tt0068935	nm0000045
tt0069946	nm0001566
tt0070034	nm0167195
tt0070723	nm0281507
tt0070849	nm0000934
tt0071129	nm0000019
tt0071877	nm0001486
tt0072308	nm0347086
tt0072562	nm0832731
tt0072562	nm0001129
tt0072562	nm0952873
tt0072562	nm0431918
tt0072562	nm2864367
tt0072562	nm1707611
tt0072562	nm0001385
tt0072562	nm2615706
tt0072562	nm0917503
tt0072562	nm0406687
tt0072562	nm0814903
tt0072562	nm0004791
tt0072562	nm0744595
tt0072562	nm5089719
tt0072562	nm0213100
tt0072562	nm0183196
tt0072562	nm0001302
tt0072562	nm0581847
tt0072562	nm1564890
tt0072562	nm5308463
tt0072562	nm3673580
tt0072562	nm2678917
tt0072562	nm0567126
tt0072562	nm2868136
tt0072562	nm2917795
tt0072562	nm0001774
tt0072562	nm0780643
tt0072562	nm1020306
tt0072562	nm0570912
tt0072562	nm0924603
tt0072562	nm1906042
tt0072562	nm0541500
tt0072562	nm0557138
tt0072562	nm0450095
tt0072562	nm1019498
tt0072562	nm2212504
tt0072562	nm2021516
tt0072562	nm0938471
tt0072562	nm0580468
tt0072562	nm1307557
tt0072562	nm1730037
tt0072562	nm2947300
tt0072562	nm0718646
tt0072562	nm3045042
tt0072562	nm0000265
tt0072562	nm0755184
tt0072562	nm0805754
tt0072562	nm0000876
tt0072562	nm0295271
tt0072562	nm1046720
tt0072562	nm0288053
tt0072562	nm1286058
tt0072562	nm0674635
tt0072562	nm0587043
tt0072562	nm0459170
tt0072562	nm0501995
tt0072562	nm1231253
tt0072562	nm0471233
tt0072562	nm0000200
tt0072562	nm3936056
tt0072562	nm1656967
tt0072562	nm0771680
tt0072562	nm5050824
tt0072562	nm3565755
tt0072562	nm1908659
tt0072562	nm0931906
tt0072562	nm2948714
tt0072562	nm0291012
tt0072562	nm0806912
tt0072562	nm0437662
tt0072562	nm0002704
tt0072562	nm0003358
tt0072562	nm1672246
tt0072562	nm1527087
tt0072562	nm0626452
tt0072562	nm1738715
tt0072562	nm7531112
tt0072562	nm7917179
tt0072562	nm0000976
tt0072562	nm0918660
tt0072562	nm1658104
tt0072562	nm0648780
tt0072562	nm0589106
tt0072562	nm2584269
tt0072562	nm1444412
tt0072562	nm0912238
tt0072562	nm7245237
tt0072562	nm2802539
tt0072562	nm1676223
tt0072562	nm1276794
tt0072562	nm0106563
tt0072562	nm0797526
tt0072562	nm0565063
tt0072562	nm0203789
tt0072562	nm0000759
tt0072562	nm7679151
tt0072562	nm0454660
tt0072562	nm3046142
tt0072562	nm1637787
tt0072562	nm0933259
tt0072562	nm2034496
tt0072562	nm1146489
tt0072562	nm0316139
tt0072562	nm0101521
tt0072562	nm0570947
tt0072562	nm0387605
tt0072562	nm0494889
tt0072562	nm0000209
tt0072684	nm0000040
tt0074802	nm0425593
tt0074958	nm0001486
tt0076085	nm0778633
tt0076759	nm0000184
tt0077269	nm0769874
tt0077594	nm0167195
tt0077594	nm0000045
tt0077800	nm0546672
tt0077975	nm0000484
tt0078723	nm0000229
tt0078788	nm0000338
tt0080388	nm0001501
tt0080455	nm0000484
tt0080979	nm0000041
tt0082031	nm0330619
tt0082846	nm0041932
tt0083922	nm0000005
tt0085101	nm0241174
tt0087803	nm0705535
tt0089881	nm0000041
tt0091763	nm0000231
tt0096320	nm0718645
tt0100802	nm0000682
tt0102122	nm0676248
tt0110138	nm0676248
tt0117057	nm0000659
tt0117631	nm0382956
tt0117731	nm0000408
tt0119488	nm0000436
tt0120338	nm0000116
tt0120647	nm0001460
tt0120663	nm0000040
tt0120746	nm0132709
tt0161126	nm0447383
tt0161126	nm0873541
tt0161126	nm0323795
tt0161126	nm0309851
tt0161126	nm0358759
tt0161126	nm0272742
tt0161126	nm0625818
tt0161126	nm0241017
tt0161126	nm1067857
tt0161126	nm0923404
tt0161126	nm0889571
tt0161126	nm0732045
tt0161126	nm0353592
tt0161126	nm0238245
tt0161126	nm0170934
tt0161126	nm0204473
tt0161126	nm0165107
tt0161126	nm0707597
tt0161126	nm1714246
tt0161126	nm0693339
tt0161126	nm0338719
tt0161126	nm0460957
tt0161126	nm0047688
tt0161126	nm0247023
tt0161126	nm0528790
tt0161126	nm0490117
tt0161126	nm0590080
tt0161126	nm0650240
tt0161126	nm0495361
tt0161126	nm0610303
tt0161126	nm0602454
tt0161126	nm0023626
tt0161126	nm0492974
tt0161126	nm0641007
tt0161126	nm0177356
tt0161126	nm0658816
tt0161126	nm0888505
tt0161126	nm0467646
tt0161126	nm0894583
tt0161126	nm0418986
tt0161126	nm0767697
tt0161126	nm5792928
tt0161126	nm0107960
tt0161126	nm0384643
tt0161126	nm0590588
tt0161126	nm0727211
tt0161126	nm0114436
tt0161126	nm0692872
tt0161126	nm0025504
tt0161126	nm0172029
tt0161126	nm0354942
tt0161126	nm0863254
tt0161126	nm0936358
tt0161126	nm0021975
tt0161126	nm0100073
tt0161126	nm0365013
tt0161126	nm0642517
tt0161126	nm0588877
tt0161126	nm0765856
tt0161126	nm0438250
tt0161126	nm0903931
tt0161126	nm0071713
tt0161126	nm0131769
tt0161126	nm0203712
tt0161126	nm0595610
tt0161126	nm0717229
tt0161126	nm0262801
tt0161126	nm0951731
tt0165592	nm0650240
tt0165592	nm0204209
tt0165592	nm0164639
tt0165592	nm0533334
tt0165592	nm0767697
tt0165592	nm0923613
tt0165592	nm0662091
tt0165592	nm0534365
tt0165592	nm0512327
tt0165592	nm0001565
tt0165592	nm0000776
tt0165592	nm0005139
tt0165592	nm0738218
tt0165592	nm0461158
tt0165592	nm0272742
tt0165592	nm0331290
tt0165592	nm0600503
tt0165592	nm0035840
tt0165592	nm0420131
tt0165592	nm0204879
tt0165592	nm0264236
tt0165592	nm0108707
tt0165592	nm0177356
tt0165592	nm2207622
tt0165592	nm0093322
tt0165592	nm0801111
tt0165592	nm0719886
tt0165592	nm0154038
tt0165592	nm0115513
tt0165592	nm0094504
tt0165592	nm0027413
tt0165592	nm0836430
tt0165592	nm0934070
tt0165592	nm0203712
tt0165592	nm0799682
tt0165592	nm0353592
tt0165592	nm1649005
tt0165592	nm0384386
tt0165592	nm0148115
tt0165592	nm0569819
tt0165592	nm0193787
tt0165592	nm0080943
tt0165592	nm0322560
tt0165592	nm0072025
tt0165592	nm0371601
tt0165592	nm0516360
tt0165592	nm0324995
tt0165592	nm0936358
tt0165592	nm0061385
tt0165592	nm0086295
tt0165592	nm0323795
tt0165592	nm0295543
tt0165592	nm0326020
tt0165592	nm0185020
tt0165592	nm0153197
tt0165592	nm0732905
tt0165592	nm0639610
tt0165592	nm0875744
tt0165592	nm0001241
tt0165592	nm0423646
tt0165592	nm0492722
tt0165592	nm0412339
tt0165592	nm0186551
tt0165592	nm0086556
tt0165592	nm0852019
tt0165592	nm0431586
tt0165592	nm0781477
tt0165592	nm0602454
tt0165592	nm0621469
tt0165592	nm2235892
tt0165592	nm0342487
tt0165592	nm0285302
tt0165592	nm0240439
tt0165592	nm0131769
tt0165592	nm0467646
tt0165592	nm0587669
tt0165592	nm0047688
tt0165592	nm0262801
tt0165592	nm0728651
tt0165592	nm0578757
tt0165592	nm0829259
tt0165592	nm0518644
tt0165592	nm0397986
tt0165592	nm0201438
tt0165592	nm0416819
tt0165592	nm0713725
tt0165592	nm0386324
tt0165592	nm0118778
tt0165592	nm0191821
tt0165592	nm0051471
tt0165592	nm0030365
tt0165592	nm0121169
tt0165592	nm0334273
tt0165592	nm0234462
tt0165592	nm0267862
tt0165592	nm0085351
tt0165592	nm0002376
tt0165592	nm0859970
tt0165592	nm0001270
tt0165592	nm1635725
tt0165592	nm0404014
tt0165592	nm0732306
tt0165592	nm0936451
tt0165592	nm0006640
tt0165592	nm0654048
tt0165592	nm1722082
tt0165592	nm0287821
tt0165592	nm0191592
tt0165592	nm0741331
tt0165592	nm0316830
tt0165592	nm2259325
tt0165592	nm0164645
tt0165592	nm0810200
tt0165592	nm0000750
tt0165592	nm0656108
tt0165592	nm0540543
tt0165592	nm0318717
tt0165592	nm0307683
tt0165592	nm0204471
tt0165592	nm0233864
tt0165592	nm2155406
tt0165592	nm2186852
tt0165592	nm0071713
tt0165592	nm0000755
tt0165592	nm0717154
tt0165592	nm0369053
tt0165592	nm0371157
tt0165592	nm0223265
tt0165592	nm0339543
tt0165593	nm0582146
tt0165593	nm0142056
tt0165593	nm0331290
tt0165593	nm0170934
tt0165593	nm0404014
tt0165593	nm0177356
tt0165593	nm0574762
tt0165593	nm0371601
tt0165593	nm0108707
tt0165593	nm0534365
tt0165593	nm0805444
tt0165593	nm0148115
tt0165593	nm0318448
tt0165593	nm0936358
tt0165593	nm0602454
tt0165593	nm1187874
tt0165593	nm0656108
tt0165593	nm0707597
tt0165593	nm0164639
tt0165593	nm0512327
tt0165593	nm0353592
tt0165593	nm0923613
tt0165593	nm0201438
tt0165593	nm0650240
tt0165593	nm0135326
tt0165593	nm0203712
tt0165593	nm0579711
tt0165593	nm0240154
tt0165593	nm0254559
tt0165593	nm0240172
tt0165593	nm0316830
tt0165593	nm0035840
tt0165593	nm0121169
tt0165593	nm0588664
tt0165593	nm0322560
tt0165593	nm0934070
tt0165593	nm0397986
tt0165593	nm0427880
tt0165593	nm3466425
tt0165593	nm0324995
tt0165593	nm0461158
tt0165593	nm0767697
tt0168387	nm0173213
tt0168387	nm0237927
tt0190181	nm0492974
tt0190181	nm0355051
tt0190181	nm0418986
tt0190181	nm0625818
tt0190181	nm0281865
tt0190181	nm0321700
tt0190181	nm0365789
tt0190181	nm0898370
tt0190181	nm0626611
tt0190181	nm0786607
tt0190181	nm0110133
tt0190181	nm0204144
tt0190181	nm0365013
tt0190181	nm0240439
tt0190181	nm0108707
tt0190181	nm0876440
tt0190181	nm0177356
tt0190181	nm0460957
tt0190181	nm0528790
tt0190181	nm0873541
tt0190181	nm0232795
tt0190181	nm0605925
tt0190181	nm0936358
tt0190181	nm0247050
tt0190181	nm0610303
tt0190181	nm0238245
tt0190181	nm0370868
tt0190181	nm0021975
tt0190181	nm0890086
tt0200358	nm1070944
tt0200358	nm2594201
tt0200358	nm0692714
tt0200358	nm2151567
tt0200358	nm0350446
tt0200358	nm1271047
tt0200358	nm0370831
tt0200358	nm0152589
tt0200358	nm11844246
tt0200358	nm0714882
tt0200358	nm0999504
tt0200358	nm1449975
tt0200358	nm0623798
tt0200358	nm1824597
tt0200358	nm0647085
tt0200358	nm2150132
tt0200358	nm0774570
tt0200358	nm0691078
tt0200358	nm0324995
tt0200358	nm0372780
tt0200358	nm0277439
tt0200358	nm0635455
tt0200358	nm0452319
tt0200358	nm4365185
tt0200358	nm1309093
tt0200358	nm0860034
tt0200358	nm0682061
tt0200358	nm6995711
tt0200358	nm0262952
tt0200358	nm0003837
tt0200358	nm0310520
tt0200358	nm0576283
tt0200358	nm0832087
tt0200358	nm0201438
tt0200358	nm1204143
tt0200358	nm0001692
tt0200358	nm0744437
tt0200358	nm7541920
tt0200358	nm0413921
tt0200358	nm0396504
tt0200358	nm2363137
tt0200358	nm0047230
tt0200358	nm5314346
tt0200358	nm0522780
tt0200358	nm0678489
tt0200358	nm0152462
tt0200358	nm0734906
tt0200358	nm0247123
tt0200358	nm0841696
tt0200358	nm0658482
tt0200358	nm1021548
tt0200358	nm2528860
tt0200358	nm0536632
tt0200358	nm0259847
tt0200358	nm0546458
tt0200358	nm0369219
tt0200358	nm1784074
tt0200358	nm0072432
tt0200358	nm0320736
tt0200358	nm0712577
tt0200358	nm1097104
tt0200358	nm0035761
tt0200358	nm0498756
tt0200358	nm2842815
tt0200358	nm0574203
tt0200358	nm0452298
tt0200358	nm2388393
tt0200358	nm0147017
tt0200358	nm5505806
tt0200358	nm2813885
tt0200358	nm0875793
tt0200358	nm0427880
tt0200358	nm1589649
tt0200358	nm0549658
tt0200358	nm0247787
tt0200358	nm0694341
tt0200358	nm4536741
tt0200358	nm0769156
tt0200358	nm0947496
tt0200358	nm0333637
tt0200358	nm1203083
tt0200358	nm0585011
tt0200358	nm0786006
tt0200358	nm0122541
tt0200358	nm1215605
tt0200358	nm0103905
tt0200358	nm0520535
tt0200358	nm0588664
tt0200358	nm1583628
tt0200358	nm0700796
tt0200358	nm0843051
tt0200358	nm0942727
tt0200358	nm2225550
tt0200358	nm0765856
tt0200358	nm1583624
tt0200358	nm0170113
tt0200358	nm0796281
tt0200358	nm1533398
tt0200358	nm4111242
tt0200358	nm0307559
tt0200358	nm0225085
tt0200358	nm3948688
tt0200358	nm0068135
tt0200358	nm0085985
tt0200358	nm0002206
tt0200358	nm0852279
tt0200358	nm0291201
tt0200358	nm0923675
tt0200358	nm1187874
tt0200358	nm0223265
tt0200358	nm2930451
tt0200358	nm2302156
tt0200358	nm0521730
tt0200358	nm0249316
tt0200358	nm0576282
tt0200358	nm1244526
tt0200358	nm0099474
tt0200358	nm2195517
tt0200358	nm0817811
tt0200358	nm1114237
tt0200358	nm0711268
tt0200358	nm5614193
tt0200358	nm1310971
tt0200358	nm0387700
tt0200358	nm0338583
tt0200358	nm6879622
tt0200358	nm0955195
tt0200358	nm2039567
tt0200358	nm0705535
tt0200358	nm1749015
tt0212698	nm0264239
tt0212698	nm0707597
tt0212698	nm0386482
tt0212698	nm0725880
tt0212698	nm0331290
tt0212698	nm0254559
tt0212698	nm0732306
tt0212698	nm0334273
tt0212698	nm2531096
tt0212698	nm0805444
tt0212698	nm0148115
tt0212698	nm0418986
tt0212698	nm0272742
tt0212698	nm0802375
tt0212698	nm0058096
tt0212698	nm0233177
tt0212698	nm0129469
tt0212698	nm0108707
tt0212698	nm0420949
tt0212698	nm1438845
tt0212698	nm0142056
tt0212698	nm0241017
tt0212698	nm0371601
tt0212698	nm0170934
tt0212698	nm0693339
tt0212698	nm0534365
tt0212698	nm0358759
tt0212698	nm0365013
tt0212698	nm0936358
tt0212698	nm0602454
tt0212698	nm0582146
tt0212698	nm0177356
tt0212698	nm0317042
tt0212698	nm0316830
tt0212698	nm0366314
tt0212698	nm0135326
tt0212698	nm0283706
tt0212698	nm0585615
tt0212698	nm0371157
tt0212698	nm0574762
tt0212698	nm0121169
tt0212699	nm0102622
tt0212699	nm0339543
tt0212699	nm0534365
tt0212699	nm0386324
tt0212699	nm0177356
tt0212699	nm0318448
tt0212699	nm0394200
tt0212699	nm0057959
tt0212699	nm0148115
tt0212699	nm0656108
tt0212699	nm0923613
tt0212699	nm0164639
tt0212699	nm0662091
tt0212699	nm0000776
tt0212699	nm0741331
tt0212699	nm0801111
tt0212699	nm0086556
tt0212699	nm0903931
tt0212699	nm0049052
tt0212699	nm0852817
tt0212699	nm0395379
tt0212699	nm1646079
tt0212699	nm0461158
tt0212699	nm0039681
tt0212699	nm0092638
tt0212699	nm0329445
tt0212699	nm0186551
tt0212699	nm2531096
tt0212699	nm0061385
tt0212699	nm0805444
tt0212699	nm0028628
tt0212699	nm0486748
tt0212699	nm0715892
tt0212699	nm0316830
tt0212699	nm0108707
tt0212699	nm2148744
tt0212699	nm0534084
tt0212699	nm1136511
tt0212699	nm0331290
tt0212699	nm0818226
tt0212699	nm0713725
tt0212699	nm0223265
tt0212699	nm0943921
tt0212699	nm0934070
tt0212699	nm0373616
tt0212699	nm0783286
tt0212699	nm1204143
tt0212699	nm0000631
tt0212699	nm0755906
tt0212699	nm0203712
tt0212699	nm0558068
tt0212699	nm0404014
tt0212699	nm0366443
tt0212699	nm0602454
tt0212699	nm0317042
tt0212699	nm0283706
tt0212699	nm0129469
tt0212699	nm0385120
tt0212699	nm0875744
tt0212699	nm0626611
tt0212699	nm0521154
tt0212699	nm0115100
tt0212699	nm0072025
tt0212699	nm0751373
tt0212699	nm0353592
tt0212699	nm0906859
tt0212699	nm0272742
tt0212699	nm0552957
tt0212699	nm0001565
tt0212699	nm0240154
tt0212699	nm2238993
tt0212699	nm0361194
tt0212699	nm0170828
tt0212699	nm0767697
tt0212699	nm0360324
tt0212699	nm0267862
tt0212699	nm0725880
tt0212699	nm0134456
tt0212699	nm0931037
tt0212699	nm0142056
tt0212699	nm0170934
tt0212699	nm0161878
tt0212699	nm10017336
tt0212699	nm0806449
tt0212699	nm0131769
tt0212699	nm0191592
tt0212699	nm0913123
tt0212699	nm0574762
tt0212699	nm0936358
tt0212699	nm0202918
tt0212699	nm0322560
tt0212699	nm0371157
tt0212699	nm1558501
tt0212699	nm0926885
tt0212699	nm0334273
tt0212699	nm0324995
tt0212699	nm0756803
tt0212699	nm0241017
tt0212699	nm0732045
tt0212699	nm1209069
tt0212699	nm0533334
tt0212699	nm0135326
tt0217931	nm0163229
tt0217931	nm0111302
tt0217931	nm0087704
tt0217931	nm0343310
tt0217931	nm0555797
tt0217931	nm0305557
tt0233023	nm0769874
tt0233023	nm0091575
tt0233023	nm0467646
tt0233023	nm0695111
tt0233023	nm0334353
tt0233023	nm0493615
tt0233023	nm0556226
tt0233023	nm0649100
tt0233023	nm0001603
tt0233023	nm0675068
tt0233023	nm0732306
tt0233023	nm0761739
tt0233023	nm0781751
tt0233023	nm0085457
tt0233023	nm0204243
tt0233023	nm0293177
tt0233023	nm0318085
tt0233023	nm5051615
tt0233023	nm0832407
tt0233023	nm4966115
tt0242203	nm0344872
tt0242203	nm0005640
tt0242203	nm0501402
tt0242203	nm0432031
tt0242203	nm0627203
tt0242203	nm0331495
tt0242203	nm0065614
tt0242211	nm0583302
tt0242211	nm0005640
tt0242211	nm0065614
tt0242211	nm0344872
tt0242211	nm0331495
tt0242211	nm0501402
tt0242211	nm0872274
tt0242211	nm0627203
tt0242211	nm0381481
tt0242211	nm0432031
tt0242211	nm0369359
tt0242211	nm0468239
tt0259792	nm0001692
tt0259792	nm0627913
tt0259792	nm0588664
tt0259792	nm0859285
tt0259792	nm0103905
tt0259792	nm0318702
tt0259792	nm0772259
tt0259792	nm0427880
tt0260607	nm0285998
tt0297530	nm0936358
tt0297530	nm0203712
tt0297530	nm0164639
tt0297530	nm0512327
tt0297621	nm0263608
tt0297621	nm0281865
tt0297621	nm0386482
tt0297621	nm0001565
tt0297621	nm0642517
tt0297621	nm0414469
tt0297621	nm0552957
tt0297621	nm0316830
tt0297621	nm0936358
tt0297621	nm0926885
tt0297621	nm0000776
tt0297621	nm0447383
tt0297621	nm0219054
tt0297621	nm0625818
tt0297621	nm0934070
tt0297621	nm3466425
tt0297621	nm0121169
tt0297621	nm0707597
tt0297621	nm0467646
tt0297621	nm0048514
tt0297621	nm0203712
tt0297621	nm0272742
tt0297621	nm0650240
tt0297621	nm0534365
tt0297621	nm0148115
tt0297621	nm0331290
tt0297621	nm0204209
tt0297621	nm0923571
tt0297621	nm0361395
tt0297621	nm0755906
tt0297621	nm0579711
tt0297621	nm0192188
tt0297621	nm0291125
tt0297621	nm0533334
tt0297621	nm0574762
tt0297621	nm0166234
tt0297621	nm0371601
tt0297621	nm0461158
tt0297621	nm0796358
tt0297621	nm0170934
tt0297621	nm0309851
tt0297621	nm0656108
tt0297621	nm0693339
tt0297621	nm0071713
tt0297621	nm1030886
tt0297621	nm0512327
tt0297621	nm0278677
tt0297621	nm0418986
tt0297621	nm0558068
tt0297621	nm0589929
tt0297621	nm0324995
tt0297621	nm1187874
tt0297621	nm0322560
tt0297621	nm0443909
tt0297621	nm0595610
tt0297621	nm0234669
tt0297621	nm0400618
tt0297621	nm0495361
tt0297621	nm0767697
tt0297621	nm0516360
tt0297621	nm0164639
tt0297621	nm0929798
tt0297621	nm0177034
tt0297621	nm0714116
tt0297621	nm0756803
tt0297621	nm0061385
tt0297621	nm0030365
tt0297621	nm0602454
tt0297621	nm0662091
tt0297621	nm0588877
tt0297621	nm0262801
tt0297621	nm0388338
tt0298665	nm0414469
tt0298665	nm0000776
tt0298665	nm0192188
tt0298665	nm0447383
tt0298665	nm0204209
tt0298665	nm0888505
tt0298665	nm0071713
tt0298665	nm0001565
tt0298665	nm0388338
tt0298665	nm0262801
tt0298665	nm0361395
tt0298665	nm0588877
tt0298665	nm0291125
tt0298665	nm0650240
tt0298665	nm0894583
tt0298665	nm0589929
tt0298665	nm0796358
tt0298665	nm0486748
tt0298665	nm0241017
tt0298665	nm0707597
tt0298665	nm0889571
tt0298665	nm0595610
tt0298665	nm0353592
tt0298665	nm0203712
tt0298665	nm0322560
tt0298665	nm0331290
tt0298665	nm0936358
tt0298665	nm0398275
tt0298665	nm0602454
tt0298665	nm0388198
tt0298665	nm0115513
tt0298665	nm0001241
tt0298665	nm0404014
tt0298665	nm0035840
tt0298665	nm0267862
tt0298665	nm0507461
tt0298665	nm0192923
tt0298665	nm0185160
tt0298665	nm0386324
tt0298665	nm0498780
tt0298665	nm0642517
tt0298665	nm0717229
tt0298665	nm0028628
tt0298665	nm0263608
tt0298665	nm0323795
tt0298665	nm0467646
tt0298665	nm0654109
tt0298665	nm0903931
tt0298665	nm0170934
tt0298665	nm0309851
tt0298665	nm0318448
tt0298665	nm0574762
tt0298665	nm0687648
tt0298665	nm0934014
tt0298665	nm0219054
tt0298665	nm0940292
tt0298665	nm0779670
tt0298665	nm0238245
tt0298665	nm0281865
tt0298665	nm2563696
tt0298665	nm0361194
tt0298665	nm0410139
tt0298665	nm0767697
tt0298665	nm0742238
tt0298665	nm0875992
tt0298665	nm0906859
tt0298665	nm0154038
tt0298665	nm0164196
tt0298665	nm0371601
tt0298665	nm0416819
tt0298665	nm0423646
tt0298665	nm0437709
tt0298665	nm0506802
tt0298665	nm0587583
tt0298665	nm0600503
tt0298665	nm0048337
tt0298665	nm0156416
tt0298665	nm0255028
tt0298665	nm0272547
tt0298665	nm1649005
tt0298665	nm0717154
tt0298665	nm0873541
tt0298665	nm0923613
tt0298665	nm0025504
tt0298665	nm0086295
tt0298665	nm0201438
tt0298665	nm0341038
tt0298665	nm0365800
tt0298665	nm0852019
tt0298665	nm0118778
tt0298665	nm0358759
tt0298665	nm0662091
tt0320048	nm0370868
tt0320048	nm0001430
tt0320048	nm0338719
tt0320048	nm0237848
tt0320048	nm0091575
tt0320048	nm0769615
tt0320048	nm0692872
tt0320048	nm0001628
tt0320048	nm0678928
tt0320048	nm0388913
tt0320048	nm0320637
tt0320048	nm0202297
tt0320048	nm0718467
tt0320048	nm0591142
tt0320048	nm0589228
tt0320048	nm0502766
tt0320048	nm0165493
tt0320048	nm0068691
tt0320048	nm0876440
tt0320048	nm0789033
tt0320048	nm0786607
tt0320048	nm0727211
tt0320048	nm0561797
tt0320048	nm0337103
tt0320048	nm0084204
tt0320048	nm0888505
tt0320048	nm0403126
tt0320048	nm0791027
tt0320048	nm0723629
tt0320048	nm0861679
tt0320048	nm0455831
tt0320048	nm0000265
tt0320048	nm0779670
tt0320048	nm0822570
tt0341798	nm1044897
tt0341798	nm0566671
tt0341798	nm0755574
tt0341798	nm0605925
tt0341798	nm0021975
tt0341798	nm0418986
tt0341798	nm0621469
tt0341798	nm7521050
tt0341798	nm0338719
tt0341798	nm0438250
tt0341798	nm0366314
tt0341798	nm0649708
tt0341798	nm0170934
tt0341798	nm0923404
tt0341798	nm0020984
tt0348926	nm0021975
tt0348926	nm1046485
tt0348926	nm0863254
tt0348926	nm0132763
tt0348926	nm0366314
tt0348926	nm0306883
tt0348926	nm0089276
tt0348926	nm0096391
tt0348926	nm0566671
tt0348926	nm0233864
tt0348926	nm0469140
tt0348926	nm1390504
tt0348926	nm1433057
tt0348926	nm9665714
tt0348926	nm2155406
tt0348926	nm0649708
tt0348926	nm2270436
tt0348926	nm0020984
tt0348926	nm1193948
tt0348926	nm0760195
tt0348926	nm9608247
tt0348926	nm0386498
tt0348926	nm0444161
tt0348926	nm0446834
tt0348926	nm0869859
tt0383216	nm0506613
tt0396335	nm0142056
tt0396335	nm0751373
tt0396335	nm0552957
tt0396335	nm0135326
tt0398430	nm0240154
tt0398430	nm0404014
tt0398430	nm0805444
tt0398430	nm0371601
tt0398430	nm0926885
tt0398430	nm1558501
tt0398430	nm0366443
tt0398430	nm0395379
tt0398430	nm0316830
tt0398430	nm0371157
tt0398430	nm0177356
tt0398430	nm0092638
tt0398430	nm0943921
tt0398430	nm0135326
tt0398430	nm0331290
tt0398430	nm0049052
tt0398430	nm1136511
tt0398430	nm0317042
tt0403808	nm0707597
tt0403808	nm0108707
tt0403808	nm0280364
tt0403808	nm1561235
tt0403808	nm0142056
tt0403808	nm0534365
tt0405611	nm0283706
tt0405611	nm0135326
tt0405611	nm0272742
tt0405611	nm0331290
tt0405611	nm0621469
tt0405611	nm0725880
tt0405611	nm0913123
tt0407402	nm0129469
tt0407402	nm0353592
tt0407402	nm0371157
tt0407402	nm0533334
tt0407402	nm0240154
tt0407402	nm0552957
tt0407402	nm1558501
tt0407402	nm0574762
tt0407402	nm0756803
tt0407402	nm0765856
tt0441950	nm0792996
tt0441950	nm1726281
tt0441950	nm0092349
tt0441950	nm0021975
tt0441950	nm0493383
tt0441950	nm0281865
tt0441950	nm0641007
tt0441950	nm0177356
tt0441950	nm1726681
tt0441950	nm1030886
tt0441950	nm0550198
tt0441950	nm0787225
tt0441950	nm0386850
tt0441950	nm0365013
tt0441950	nm0579711
tt0441950	nm0420949
tt0441950	nm0020984
tt0441950	nm0613123
tt0441950	nm0625818
tt0441950	nm0025504
tt0441950	nm0654109
tt0441950	nm0269488
tt0441950	nm0177034
tt0441950	nm0693339
tt0441950	nm0023626
tt0441950	nm2269593
tt0441950	nm0121169
tt0441950	nm0258480
tt0441950	nm0873541
tt0441950	nm3054750
tt0441950	nm0443909
tt0441950	nm0719685
tt0441950	nm0431448
tt0441950	nm0888505
tt0441950	nm0467646
tt0441950	nm0779670
tt0441950	nm0354942
tt0441950	nm1044941
tt0441950	nm0247050
tt0441950	nm0923613
tt0441950	nm0923404
tt0441950	nm0107960
tt0441950	nm0170058
tt0441950	nm0279807
tt0441950	nm0400618
tt0441950	nm5154925
tt0441950	nm0569819
tt0441950	nm0447383
tt0441950	nm0707597
tt0441950	nm0531674
tt0441950	nm0337103
tt0441950	nm1046485
tt0441950	nm0492974
tt0441950	nm0398275
tt0441950	nm0285998
tt0441950	nm0610303
tt0441950	nm0102946
tt0441950	nm0262801
tt0441950	nm0204473
tt0441950	nm0942081
tt0441950	nm0247023
tt0441950	nm0363356
tt0441950	nm0460957
tt0441950	nm0182818
tt0441950	nm0922879
tt0441950	nm0114436
tt0441950	nm0438250
tt0441950	nm0291125
tt0441950	nm0767697
tt0441950	nm0384643
tt0441950	nm1697309
tt0441950	nm0421001
tt0441950	nm0490117
tt0441950	nm0192923
tt0441950	nm0388338
tt0441950	nm0621469
tt0441950	nm0516150
tt0441950	nm0936358
tt0441950	nm0737053
tt0441950	nm0732045
tt0441950	nm0650240
tt0441950	nm3466425
tt0453991	nm0287836
tt0453991	nm0548529
tt0453991	nm0000080
tt0453991	nm0861679
tt0453991	nm0591142
tt0453991	nm0139878
tt0453991	nm0865709
tt0497975	nm0569819
tt0497975	nm0028628
tt0497975	nm0001692
tt0497975	nm0767697
tt0497975	nm0557543
tt0497975	nm3090098
tt0499549	nm0000116
tt0793361	nm0738056
tt0793361	nm0092115
tt0793361	nm0374673
tt0793361	nm0491547
tt0793361	nm0408153
tt0793361	nm0826409
tt0797756	nm0738056
tt0806910	nm0777564
tt0806910	nm0633950
tt0806910	nm0929660
tt0806910	nm0089777
tt0806910	nm0774221
tt0806910	nm0862821
tt0806910	nm0377422
tt0806910	nm0389373
tt0806910	nm1081521
tt0806910	nm2279441
tt0806910	nm0917076
tt0806910	nm0679429
tt0806910	nm0529496
tt0806910	nm0256495
tt0806910	nm0065614
tt0806910	nm0003916
tt0806910	nm0450660
tt0806910	nm0639007
tt0806910	nm0758949
tt0806910	nm1097225
tt0806910	nm0774368
tt0806910	nm0753898
tt0806910	nm0902094
tt0806910	nm0306610
tt0806910	nm0349654
tt0806910	nm0375040
tt0806910	nm0353135
tt0806910	nm0921404
tt0806910	nm0418130
tt0806910	nm0292377
tt0806910	nm0473958
tt0806910	nm0613996
tt0806910	nm0823146
tt0806910	nm0018877
tt0806910	nm0200498
tt0806910	nm0015784
tt0806910	nm1659950
tt0806910	nm0738056
tt0806910	nm0845282
tt0806910	nm0796749
tt0806910	nm0771942
tt0806910	nm0065496
tt0806910	nm0377420
tt0806910	nm0697448
tt0806910	nm0013044
tt0806910	nm0772325
tt0806910	nm0598706
tt0806910	nm0034776
tt0806910	nm0279146
tt0806910	nm0531440
tt0806910	nm0601182
tt0806910	nm0773949
tt0806910	nm0108004
tt0806910	nm1082323
tt0806910	nm0092110
tt0806910	nm0473144
tt0806910	nm0012337
tt0806910	nm0466408
tt0806910	nm0220341
tt0806910	nm0294507
tt0806910	nm0006749
tt0806910	nm0076679
tt0806910	nm1641324
tt0806910	nm1289234
tt0806910	nm2056100
tt0806910	nm0389263
tt0806910	nm2919334
tt0806910	nm0825379
tt0806910	nm0728422
tt0806910	nm0205860
tt0806910	nm0894201
tt0806910	nm0872274
tt0806910	nm0777683
tt0806910	nm0644345
tt0806910	nm0776598
tt0806910	nm0772460
tt0806910	nm0627203
tt0806910	nm0248657
tt0806910	nm0936204
tt0806910	nm0583800
tt0806910	nm0181421
tt0806910	nm0343547
tt0806910	nm0127323
tt0806910	nm0369359
tt0806910	nm0508316
tt0806910	nm1140801
tt0806910	nm0315117
tt0806910	nm0257148
tt0806910	nm0901017
tt0806910	nm0297502
tt0806910	nm0092115
tt0806910	nm0444902
tt0806910	nm0373911
tt0806910	nm0061860
tt0806910	nm0769569
tt0806910	nm0419400
tt0806910	nm0393148
tt0806910	nm0777029
tt0806910	nm0006877
tt0806910	nm0317411
tt0806910	nm0139512
tt0806910	nm0953044
tt0806910	nm0341001
tt0806910	nm0333705
tt0806910	nm0386570
tt0806910	nm0317590
tt0806910	nm0127015
tt0806910	nm0618996
tt0806910	nm0524866
tt0806910	nm0470666
tt0806910	nm0399392
tt0806910	nm0105657
tt0806910	nm0900947
tt0806910	nm0916780
tt0806910	nm0052792
tt0806910	nm0753961
tt0806910	nm0910000
tt0806910	nm0670670
tt0806910	nm0832419
tt0806910	nm0955235
tt0806910	nm0797459
tt0806910	nm0321894
tt0806910	nm0726152
tt0806910	nm0429774
tt0806910	nm0917274
tt0806910	nm0058594
tt0806910	nm0074163
tt0806910	nm0226290
tt0806910	nm0559668
tt0806910	nm0359634
tt0806910	nm0778280
tt0806910	nm0415714
tt0806910	nm1292413
tt0806910	nm1664028
tt0806910	nm0249148
tt0806910	nm0903088
tt0806910	nm0508098
tt0806910	nm0299621
tt0806910	nm0726053
tt0806910	nm1054437
tt0806910	nm0577641
tt0806910	nm0902022
tt0806910	nm0293770
tt0806910	nm1177494
tt0806910	nm0737482
tt0806910	nm0906114
tt0806910	nm0230649
tt0806910	nm0098086
tt0806910	nm0506374
tt0806910	nm0442345
tt0806910	nm1054376
tt0806910	nm1839743
tt0806910	nm0472114
tt0806910	nm1543866
tt0806910	nm1635354
tt0806910	nm0796361
tt0806910	nm0786186
tt0806910	nm0432501
tt0806910	nm0296446
tt0806910	nm1818028
tt0806910	nm0381305
tt0806910	nm0403101
tt0806910	nm2512193
tt0806910	nm1656248
tt0806910	nm0117698
tt0806910	nm1265673
tt0806910	nm3149590
tt0806910	nm2011733
tt0806910	nm1847689
tt0806910	nm2583364
tt0806910	nm0705852
tt0806910	nm2826206
tt0806910	nm0117929
tt0806910	nm1509905
tt0806910	nm1802378
tt0806910	nm5899290
tt0806910	nm1962822
tt0806910	nm0374673
tt0806910	nm0081272
tt0806910	nm0064723
tt0806910	nm0823280
tt0806910	nm0269993
tt0806910	nm0320546
tt0806910	nm0865440
tt0806910	nm1477692
tt0806910	nm0663409
tt0806910	nm0875072
tt0806910	nm0002087
tt0806910	nm1216097
tt0806910	nm0917158
tt0806910	nm0049697
tt0806910	nm0266935
tt0806910	nm2380072
tt0806910	nm0340170
tt0806910	nm0051204
tt0806910	nm0418329
tt0806910	nm0105826
tt0806910	nm0005640
tt0806910	nm0745037
tt0806910	nm0666685
tt0806910	nm0257845
tt0806910	nm0938352
tt0806910	nm0548096
tt0806910	nm0879493
tt0806910	nm1840944
tt0806910	nm0143824
tt0806910	nm0317479
tt0806910	nm1808242
tt0806910	nm0659950
tt0806910	nm0478128
tt0806910	nm2755970
tt0806910	nm0323418
tt0806910	nm0411853
tt0806910	nm4357944
tt0806910	nm0609264
tt0806910	nm0900988
tt0806910	nm0251690
tt0806910	nm0936851
tt0806910	nm0052361
tt0806910	nm0467853
tt0806910	nm0076473
tt0806910	nm0618176
tt0806910	nm0317413
tt0806910	nm0776630
tt0806910	nm0880880
tt0806910	nm0470081
tt0806910	nm0876533
tt0806910	nm0282270
tt0806910	nm0920635
tt0806910	nm0382304
tt0806910	nm0467861
tt0806910	nm0333748
tt0806910	nm0378743
tt0806910	nm0533251
tt0806910	nm0344888
tt0806910	nm0250914
tt0806910	nm0473151
tt0806910	nm0065615
tt0806910	nm0351351
tt0806910	nm0444946
tt0806910	nm0389386
tt0806910	nm0444936
tt0806910	nm0461170
tt0806910	nm0367059
tt0806910	nm1642225
tt0806910	nm0530689
tt0806910	nm0459080
tt0806910	nm3507422
tt0806910	nm0323203
tt0806910	nm0461282
tt0806910	nm3299248
tt0806910	nm0618117
tt0806910	nm6433160
tt0806910	nm0750365
tt0806910	nm0126652
tt0806910	nm0725345
tt0806910	nm0435269
tt0806910	nm0340997
tt0806910	nm2275000
tt0806910	nm0784379
tt0806910	nm0618384
tt0806910	nm0958139
tt0806910	nm1198470
tt0806910	nm0019841
tt0806910	nm2698215
tt0806910	nm0065456
tt0806910	nm0408583
tt0806910	nm0003600
tt0806910	nm0118190
tt0806910	nm1768182
tt0806910	nm0345099
tt0806910	nm0830253
tt0806910	nm3948156
tt0806910	nm0506746
tt0806910	nm0002978
tt0806910	nm0233920
tt0806910	nm0643816
tt0806910	nm0644038
tt0806910	nm2020448
tt0806910	nm0834028
tt0806910	nm0460007
tt0806910	nm0934639
tt0806910	nm2850557
tt0806910	nm0668199
tt0806910	nm0769754
tt0806910	nm0737552
tt0806910	nm10673142
tt0806910	nm0109519
tt0806910	nm0893676
tt0806910	nm0299730
tt0806910	nm2149099
tt0806910	nm0916653
tt0806910	nm0594147
tt0806910	nm0834481
tt0806910	nm0778339
tt0806910	nm4091321
tt0806910	nm0771131
tt0806910	nm0296360
tt0806910	nm1842551
tt0806910	nm0478228
tt0806910	nm0226080
tt0806910	nm0714914
tt0806910	nm0351746
tt0806910	nm0135482
tt0806910	nm3336107
tt0806910	nm0000583
tt0806910	nm0688900
tt0806910	nm0936960
tt0806910	nm0408153
tt0806910	nm3494602
tt0806910	nm0884145
tt0806910	nm1098886
tt0806910	nm1357855
tt0806910	nm0918345
tt0806910	nm0583361
tt0806910	nm0023355
tt0806910	nm0836708
tt0806910	nm0081897
tt0806910	nm0582733
tt0806910	nm0479810
tt0806910	nm0951944
tt0806910	nm0823906
tt0806910	nm0474463
tt0806910	nm0617894
tt0806910	nm0633005
tt0806910	nm0698283
tt0806910	nm0465941
tt0806910	nm0903137
tt0806910	nm3554474
tt0806910	nm0010573
tt0806910	nm0927413
tt0806910	nm0826409
tt0806910	nm0461871
tt0806910	nm0726136
tt0806910	nm0449449
tt0806910	nm1393934
tt0806910	nm0264738
tt0806910	nm5016703
tt0806910	nm0448395
tt0806910	nm0279043
tt0806910	nm0959255
tt0806910	nm1342550
tt0806910	nm0278950
tt0806910	nm0111097
tt0806910	nm0906056
tt0806910	nm0351435
tt0806910	nm0406013
tt0806910	nm2522719
tt0806910	nm0771417
tt0806910	nm0557621
tt0815352	nm0680002
tt0815352	nm0153569
tt0815352	nm0884672
tt0815352	nm0208571
tt0815352	nm0234749
tt0815352	nm0276467
tt0815352	nm0729626
tt0815352	nm1159452
tt0815352	nm0923360
tt0815352	nm0070302
tt0815352	nm0479351
tt0815352	nm0120814
tt0815352	nm0593978
tt0815352	nm0053084
tt0815352	nm0173916
tt0815352	nm0747613
tt0815352	nm0040150
tt0815352	nm0006445
tt0861682	nm0818226
tt0861682	nm0936358
tt0861682	nm0331290
tt0861682	nm0404014
tt0861682	nm0621469
tt0861682	nm0142056
tt0861682	nm0108707
tt0861682	nm0272742
tt0861682	nm0693339
tt0861682	nm0135326
tt0861682	nm0371157
tt0914702	nm0365013
tt0914702	nm0170058
tt0914702	nm0610303
tt0914702	nm0092349
tt0914702	nm1030886
tt0914702	nm0262801
tt0914702	nm0779670
tt0914702	nm0873541
tt0914702	nm0192923
tt0914702	nm0621469
tt0914702	nm0447383
tt0914702	nm0693339
tt0914702	nm0438250
tt0914702	nm0923613
tt0914702	nm0414469
tt0914702	nm0641007
tt0914702	nm0550198
tt0914702	nm1044941
tt0914702	nm3466425
tt0914702	nm0025504
tt0914702	nm0654109
tt0914702	nm0595610
tt0914702	nm0182818
tt0914702	nm0493383
tt0914702	nm0071713
tt0914702	nm0490117
tt0914702	nm0354942
tt0914702	nm0625818
tt0914702	nm0942081
tt0914702	nm0732045
tt0914702	nm0247023
tt0914702	nm0291125
tt0914702	nm0204473
tt0914702	nm0388338
tt0914702	nm0386850
tt0914702	nm0936358
tt0914702	nm0707597
tt0914702	nm0558068
tt0914702	nm0269488
tt0914702	nm0021975
tt0914702	nm0121169
tt0914702	nm0281865
tt0914702	nm0192188
tt0914702	nm0245948
tt0914702	nm0263608
tt0914702	nm0357607
tt0914702	nm0767697
tt0914702	nm0888505
tt0914702	nm0111656
tt0914702	nm0114436
tt0914702	nm0602454
tt0914702	nm0460957
tt0914702	nm0400618
tt0914702	nm0922879
tt0914702	nm1678401
tt0914702	nm0048514
tt0914702	nm0331290
tt0914702	nm0588877
tt0914702	nm0492974
tt0914702	nm0426601
tt0914702	nm0534185
tt0914702	nm0724798
tt0914702	nm6265045
tt0914702	nm0187769
tt0914702	nm0107960
tt0914702	nm0235130
tt0914702	nm0102946
tt0914702	nm1046485
tt0914702	nm0177356
tt0914702	nm0023626
tt0914702	nm0316895
tt0914702	nm0590588
tt0914702	nm0792996
tt0914702	nm0398275
tt0914702	nm0579711
tt0914702	nm0165704
tt0914702	nm2088609
tt0914702	nm0285998
tt0914702	nm0303809
tt0914702	nm0531739
tt0914702	nm0272742
tt0914702	nm0765856
tt0914702	nm1726681
tt0914702	nm0443909
tt0914702	nm0605925
tt0914702	nm0573190
tt0914702	nm0687648
tt0914702	nm0717229
tt0914702	nm0204209
tt0914702	nm0650240
tt0914702	nm0717154
tt0914702	nm0906859
tt0958966	nm0203786
tt0958966	nm0534365
tt0958966	nm0035840
tt0958966	nm0533334
tt0958966	nm0512327
tt0958966	nm0129469
tt0958966	nm0148115
tt0958966	nm0272742
tt0958966	nm0371601
tt0958966	nm0291125
tt0958966	nm0203712
tt0958966	nm0805444
tt0958966	nm0913123
tt0958966	nm0404014
tt0958966	nm1558501
tt0958966	nm0602454
tt0958966	nm0923613
tt0958966	nm0755906
tt0958966	nm0894583
tt0959862	nm1509888
tt0959862	nm0091430
tt0959862	nm0666777
tt0959862	nm0054374
tt0969640	nm0765856
tt0969640	nm0076352
tt0969640	nm0129469
tt0969640	nm0662091
tt0969640	nm0626611
tt0969640	nm0331290
tt0969640	nm0404014
tt0969640	nm0498780
tt0969640	nm0725880
tt0969640	nm0193168
tt0969640	nm0818226
tt0969640	nm0805444
tt0969924	nm0602454
tt0969924	nm0492974
tt0969924	nm0625818
tt0969924	nm0888505
tt0969924	nm0936358
tt0969924	nm0574762
tt0969924	nm0605925
tt0969924	nm0717229
tt0969924	nm0626611
tt0969924	nm0765856
tt0969924	nm0338719
tt0969924	nm0443909
tt0969924	nm0272742
tt0969924	nm0262801
tt0969924	nm0178159
tt0969924	nm0114436
tt0969924	nm0654109
tt0969924	nm2359906
tt0969924	nm0719685
tt0969924	nm0121169
tt0969924	nm0235130
tt0969924	nm0254559
tt0969924	nm0467646
tt0969924	nm0621469
tt0969924	nm0779670
tt0969924	nm0172772
tt0969924	nm0693339
tt0969924	nm0361395
tt0989125	nm0020465
tt0989125	nm0182818
tt0989125	nm0316895
tt0989125	nm1568315
tt0989125	nm0107960
tt0989125	nm0121169
tt0989125	nm0791041
tt0989125	nm0693339
tt0989125	nm0204473
tt0989125	nm0724798
tt0989125	nm1470982
tt0989125	nm0651550
tt0989125	nm0753338
tt0989125	nm0058096
tt0989125	nm0040644
tt0989125	nm0779670
tt0989125	nm0099476
tt0989125	nm0269488
tt0989125	nm0729727
tt0989125	nm0495237
tt0989125	nm2497782
tt0989125	nm1103141
tt0989125	nm0040608
tt0989125	nm0321700
tt0989125	nm0223265
tt0989125	nm0083433
tt0989125	nm0248157
tt0989125	nm0142056
tt0989125	nm1030886
tt0989125	nm1602124
tt0989125	nm0447597
tt0989125	nm1568400
tt0989125	nm0888505
tt0989125	nm0605925
tt0989125	nm0942081
tt0989125	nm0707597
tt0989125	nm0930811
tt0989125	nm0365882
tt0989125	nm0025504
tt0989125	nm0349310
tt0989125	nm0878985
tt0989125	nm0531674
tt0989125	nm0111357
tt0989125	nm0165704
tt0989125	nm0414469
tt0989125	nm1438845
tt0989125	nm0261398
tt0989125	nm0245697
tt0989125	nm1247454
tt0989125	nm0365013
tt0989125	nm0492852
tt0989125	nm0254559
tt0989125	nm0112956
tt0990935	nm1570177
tt0990935	nm0121169
tt0990935	nm0238245
tt0990935	nm0176818
tt0990935	nm0240172
tt0990935	nm1438845
tt0990935	nm0438250
tt0990935	nm0707597
tt0990935	nm0321700
tt0990935	nm0316895
tt0990935	nm1247454
tt0990935	nm0165704
tt0990935	nm0767697
tt0990935	nm0724798
tt0990935	nm0610303
tt0990935	nm0365882
tt0990935	nm0177356
tt0990935	nm0264239
tt0990935	nm0283706
tt0990935	nm0414469
tt0990935	nm0371157
tt0990935	nm0913123
tt0990935	nm0135326
tt0990935	nm0818226
tt0990935	nm1187874
tt0990935	nm0851886
tt0990935	nm0602454
tt0990935	nm0534365
tt0990935	nm0936358
tt0990935	nm0358759
tt0990935	nm0384643
tt0990935	nm0507461
tt0990935	nm0558068
tt0990935	nm0447597
tt0990935	nm0058096
tt0990935	nm1568400
tt0990935	nm1470982
tt0990935	nm0569819
tt0990935	nm0129469
tt0990935	nm0467646
tt0990935	nm0142056
tt0990935	nm0111357
tt0990935	nm0404014
tt10275908	nm3796230
tt10275908	nm0651915
tt10275908	nm3791236
tt10275908	nm3790917
tt10283858	nm0651915
tt10306302	nm0651915
tt10524910	nm0651915
tt1077047	nm2843406
tt1077047	nm1066065
tt1077047	nm0840573
tt1077047	nm0367915
tt1077047	nm0297846
tt1077047	nm2731893
tt1077047	nm0436770
tt1077047	nm0475879
tt1077047	nm0605450
tt1077047	nm0840671
tt1157603	nm0936851
tt1245421	nm0942941
tt1245421	nm0492974
tt1245421	nm0104172
tt1245421	nm0602454
tt1245421	nm0605925
tt1245421	nm0178159
tt1245421	nm0262801
tt1245421	nm0610303
tt1245421	nm0136581
tt1245421	nm0889571
tt1245421	nm3838079
tt1245421	nm0192188
tt1245421	nm0398275
tt1245421	nm0580016
tt1245421	nm0588877
tt1245421	nm0058837
tt1245421	nm0071713
tt1245421	nm0263608
tt1245421	nm0291125
tt1245421	nm0414469
tt1245421	nm0707597
tt1245421	nm5154925
tt1245421	nm0412849
tt1314953	nm0142056
tt1314953	nm0936358
tt1314953	nm0930299
tt1314953	nm0767697
tt1314953	nm0602454
tt1314953	nm0569825
tt1314953	nm0498780
tt1314953	nm0404014
tt1314953	nm0386482
tt1314953	nm0371157
tt1314953	nm0241017
tt1314953	nm0223265
tt1314953	nm0129469
tt1314953	nm0656108
tt1314953	nm0610303
tt1314953	nm0414469
tt1314953	nm0264239
tt1314953	nm0254559
tt1314953	nm0111357
tt1314953	nm1438845
tt1314953	nm0283706
tt1314953	nm0177356
tt1314953	nm0418986
tt1314953	nm0280364
tt1314953	nm0135326
tt1323588	nm0552957
tt1323588	nm0765856
tt1323588	nm0366443
tt1323588	nm0725880
tt1323588	nm0115100
tt1323588	nm0129469
tt1323588	nm0353592
tt1342999	nm0334273
tt1342999	nm0203786
tt1342999	nm0191592
tt1342999	nm0322560
tt1384817	nm0316830
tt1384817	nm0765856
tt1384817	nm3839313
tt1384817	nm0942092
tt1384817	nm2766936
tt1384817	nm0121169
tt1384817	nm0121584
tt1384817	nm0203712
tt1384817	nm0264239
tt1384817	nm0331290
tt1384817	nm0361395
tt1384817	nm0751373
tt1384817	nm0108707
tt1384817	nm0602454
tt1384817	nm0621469
tt1384817	nm0779670
tt1415092	nm0425593
tt1415092	nm0431586
tt1415092	nm0693376
tt1415092	nm3422710
tt1415092	nm0455026
tt1415092	nm0831968
tt1415092	nm0773780
tt1415092	nm0000019
tt1415092	nm0325588
tt1415092	nm0001345
tt1415092	nm0731867
tt1415092	nm0292399
tt1415092	nm0301422
tt1415092	nm0875744
tt1415092	nm0558068
tt1415092	nm0684719
tt1415092	nm0420949
tt1415092	nm0895857
tt1415092	nm0162414
tt1415092	nm0293211
tt1601979	nm0936358
tt1601979	nm0164639
tt1601979	nm0923613
tt1601979	nm0135326
tt1601979	nm0316830
tt1601979	nm0272742
tt1646046	nm0112956
tt1646046	nm0238245
tt1646046	nm1568315
tt1646046	nm0707597
tt1646046	nm1568400
tt1685416	nm0185699
tt1685416	nm0805444
tt1685416	nm0148115
tt1685416	nm0574762
tt1711895	nm0488108
tt1711895	nm0588664
tt1711895	nm2381119
tt1711895	nm0593978
tt1711895	nm0454437
tt1711895	nm2151567
tt1711895	nm0942081
tt1711895	nm0000958
tt1711895	nm4128842
tt1711895	nm0171032
tt1711895	nm0001692
tt1845727	nm0450122
tt1845727	nm0913123
tt2199914	nm0755963
tt2199914	nm0935636
tt2199914	nm0091575
tt2199914	nm0545273
tt4280482	nm0142056
tt4280482	nm0414469
tt4280482	nm0121169
tt4280482	nm0111357
tt4280482	nm0223265
tt4280482	nm0165704
tt4280482	nm0264508
tt4280486	nm0254559
tt4280486	nm0121169
tt4280486	nm0498780
tt4280486	nm0142056
tt4383620	nm7074519
